	d01	d02	d03	d04	d05	d06	d07	d08	d09	d10	d11	d12	d13	d14	d15	d16	d17	d18	d19	d20	d21	d22	d23	d24	d25	d26	d27	d28	d29	d30	d31	d32	d33	d34	d35	d36	d37	d38	d39	d40	d41	d42	d43	d44	d45	d46	d47	d48	d49	d50	d51	d52	d53	d54	d55	d56	d57
the	12069.0	4568.0	10847.0	11962.0	19825.0	8346.0	4501.0	3315.0	17336.0	2510.0	8976.0	8124.0	8892.0	11424.0	17340.0	4624.0	15651.0	12402.0	17425.0	10179.0	6094.0	7790.0	12911.0	8391.0	3870.0	9388.0	7162.0	7884.0	3685.0	9362.0	9334.0	4635.0	6734.0	8533.0	5489.0	14935.0	2692.0	5888.0	10035.0	3650.0	6942.0	8074.0	12025.0	13402.0	14613.0	8164.0	9089.0	13598.0	9329.0	581.0	6838.0	9418.0	11025.0	9754.0	7489.0	8636.0	4382.0
and	9938.0	4742.0	6608.0	5142.0	8082.0	4759.0	4291.0	4183.0	13728.0	2727.0	6188.0	6981.0	5584.0	5131.0	6752.0	3744.0	11104.0	12119.0	12879.0	8216.0	6760.0	6587.0	12697.0	6398.0	2364.0	6303.0	5409.0	6198.0	2526.0	4918.0	3993.0	4600.0	5238.0	5427.0	4073.0	7131.0	1623.0	3449.0	6790.0	2383.0	5432.0	5219.0	4658.0	11148.0	10765.0	5385.0	6582.0	12019.0	5366.0	312.0	5693.0	6642.0	5952.0	5570.0	5916.0	6176.0	3230.0
to	6489.0	3536.0	5150.0	3654.0	9599.0	4226.0	2878.0	1556.0	9597.0	2384.0	3777.0	5124.0	6210.0	5380.0	8300.0	2499.0	9927.0	8119.0	8083.0	4882.0	5727.0	5175.0	6359.0	4802.0	2307.0	6851.0	4846.0	4042.0	1640.0	6272.0	4422.0	3062.0	2685.0	5810.0	2971.0	8484.0	1706.0	2467.0	6586.0	2201.0	5584.0	5767.0	6942.0	6274.0	8885.0	5362.0	5959.0	10360.0	3802.0	351.0	4875.0	4246.0	4900.0	7095.0	6443.0	6132.0	2597.0
of	5425.0	2224.0	4609.0	5635.0	8339.0	4204.0	2460.0	1344.0	9324.0	1603.0	5088.0	4426.0	3983.0	5921.0	7723.0	2544.0	9267.0	8202.0	8531.0	5496.0	3844.0	4331.0	5329.0	4868.0	2085.0	5625.0	4040.0	4403.0	1901.0	4052.0	4199.0	2865.0	2802.0	3622.0	3252.0	7230.0	1452.0	3310.0	4484.0	1594.0	4464.0	4778.0	5525.0	7085.0	8307.0	4262.0	5213.0	8627.0	4598.0	337.0	3714.0	5283.0	6040.0	4252.0	3886.0	5038.0	2594.0
a	6947.0	2322.0	4038.0	2586.0	5244.0	3392.0	2280.0	1467.0	7279.0	1300.0	3503.0	4018.0	3709.0	3474.0	4287.0	2071.0	7205.0	5427.0	6739.0	4196.0	2847.0	4436.0	6921.0	4664.0	1330.0	3819.0	2705.0	3210.0	1679.0	3659.0	2272.0	2529.0	2090.0	2718.0	2119.0	3737.0	1022.0	1989.0	4938.0	1685.0	3455.0	2768.0	3465.0	5119.0	7266.0	3741.0	4917.0	7840.0	3400.0	269.0	2981.0	3131.0	4435.0	4337.0	3215.0	4771.0	2135.0
i	3961.0	4080.0	2962.0	1600.0	7132.0	2782.0	2138.0	590.0	5898.0	2277.0	2278.0	6504.0	4531.0	4396.0	4536.0	1421.0	5921.0	6677.0	2527.0	1805.0	6228.0	7168.0	4157.0	5882.0	645.0	2372.0	2789.0	4094.0	797.0	4262.0	2296.0	2077.0	1080.0	2247.0	1132.0	7354.0	577.0	1004.0	3569.0	1000.0	3728.0	2901.0	5856.0	3013.0	6721.0	2587.0	4514.0	12953.0	2482.0	118.0	2679.0	2317.0	2320.0	4286.0	3899.0	3292.0	1888.0
in	3649.0	1481.0	2767.0	2166.0	6120.0	2566.0	1542.0	879.0	5440.0	921.0	2574.0	2995.0	3342.0	3498.0	5353.0	1394.0	5890.0	3408.0	5455.0	2999.0	2075.0	2750.0	4018.0	3113.0	1030.0	3178.0	2507.0	2225.0	1269.0	3177.0	2424.0	1757.0	1826.0	2368.0	1502.0	4950.0	844.0	1604.0	3126.0	1084.0	2877.0	2386.0	4070.0	3484.0	5296.0	2207.0	3273.0	6161.0	2282.0	190.0	2385.0	2411.0	2813.0	3694.0	2328.0	3104.0	1627.0
he	4859.0	2127.0	3112.0	1546.0	4431.0	2387.0	1871.0	1421.0	4166.0	694.0	1996.0	2248.0	3086.0	1511.0	2626.0	1236.0	4789.0	1986.0	3899.0	2704.0	2288.0	1895.0	4240.0	2218.0	1618.0	4451.0	2278.0	1215.0	896.0	3770.0	1273.0	1739.0	1480.0	4037.0	2083.0	2160.0	604.0	1513.0	2953.0	1074.0	2622.0	1450.0	2110.0	2820.0	3796.0	3478.0	2529.0	3588.0	1869.0	230.0	2432.0	1853.0	2064.0	3610.0	3572.0	2442.0	1255.0
that	2642.0	1249.0	2570.0	1840.0	3325.0	2022.0	1306.0	897.0	3652.0	789.0	1789.0	3050.0	2758.0	2985.0	2476.0	1241.0	5252.0	3419.0	3339.0	2432.0	1964.0	1653.0	2551.0	1956.0	1174.0	3657.0	1741.0	1941.0	789.0	2754.0	1937.0	1604.0	808.0	3014.0	1288.0	3096.0	714.0	910.0	2679.0	1031.0	2132.0	2818.0	2690.0	2937.0	4473.0	2026.0	2178.0	5293.0	2113.0	159.0	1603.0	1948.0	2326.0	2915.0	2774.0	2997.0	1363.0
was	2907.0	1129.0	2130.0	1377.0	3173.0	1806.0	987.0	843.0	4260.0	1006.0	2298.0	2832.0	3396.0	1878.0	2546.0	696.0	4239.0	3455.0	4468.0	2733.0	1879.0	2522.0	3072.0	2896.0	1041.0	3346.0	2706.0	1454.0	949.0	2977.0	1433.0	1038.0	1000.0	2699.0	1267.0	3240.0	735.0	1233.0	3054.0	1171.0	2436.0	1629.0	2364.0	2456.0	3037.0	2240.0	2496.0	5305.0	1538.0	200.0	2094.0	1298.0	1861.0	3322.0	2477.0	3076.0	676.0
it	3436.0	1389.0	1662.0	1247.0	3364.0	1320.0	1258.0	735.0	2444.0	829.0	1669.0	2757.0	3646.0	1629.0	2782.0	1087.0	5275.0	3730.0	2390.0	1368.0	2364.0	2395.0	2940.0	2234.0	759.0	2605.0	2091.0	1624.0	573.0	4350.0	1701.0	1319.0	1077.0	2135.0	1090.0	2749.0	659.0	1283.0	2852.0	1009.0	2439.0	2189.0	2510.0	2026.0	5280.0	2134.0	2805.0	4936.0	1495.0	136.0	1902.0	1635.0	1509.0	4357.0	2283.0	2658.0	1462.0
you	3870.0	1883.0	2641.0	605.0	3685.0	1832.0	1540.0	819.0	3587.0	772.0	1230.0	2296.0	3490.0	1617.0	3528.0	1246.0	4356.0	1918.0	2127.0	1328.0	2881.0	2977.0	2040.0	1702.0	644.0	2079.0	1703.0	1361.0	592.0	3169.0	1840.0	1668.0	1032.0	2801.0	1093.0	2367.0	598.0	1026.0	2290.0	828.0	1880.0	2306.0	2495.0	2123.0	5712.0	2182.0	3261.0	3626.0	1654.0	111.0	1392.0	1865.0	2047.0	3070.0	3406.0	2728.0	1377.0
his	3596.0	1424.0	3056.0	1665.0	3939.0	1941.0	1230.0	566.0	5172.0	430.0	1715.0	1854.0	1980.0	1378.0	2658.0	946.0	4470.0	1905.0	4038.0	3314.0	1750.0	1204.0	3480.0	1651.0	1315.0	3206.0	1324.0	948.0	899.0	2591.0	1211.0	1155.0	1493.0	2304.0	1734.0	1920.0	555.0	993.0	1925.0	955.0	1472.0	1481.0	1433.0	2686.0	3987.0	2840.0	1828.0	2925.0	2098.0	195.0	1522.0	1604.0	2458.0	2163.0	2282.0	1964.0	1319.0
her	887.0	1549.0	1538.0	1161.0	2421.0	1849.0	980.0	298.0	3285.0	750.0	777.0	1168.0	3467.0	1398.0	4913.0	467.0	3458.0	2155.0	4609.0	2014.0	1803.0	1708.0	2594.0	2150.0	411.0	2166.0	3088.0	458.0	686.0	821.0	2198.0	913.0	74.0	1562.0	314.0	3296.0	843.0	599.0	3046.0	606.0	3262.0	2572.0	1638.0	1683.0	2843.0	2092.0	3356.0	3832.0	672.0	152.0	2982.0	1432.0	957.0	2209.0	2226.0	2860.0	604.0
as	1698.0	935.0	1417.0	961.0	2304.0	1251.0	1069.0	743.0	2911.0	667.0	860.0	1748.0	1746.0	1524.0	2030.0	902.0	2971.0	2871.0	2555.0	1841.0	1496.0	1574.0	1810.0	1556.0	705.0	2075.0	1511.0	1611.0	616.0	1707.0	1153.0	1248.0	859.0	1470.0	928.0	2048.0	402.0	817.0	2668.0	843.0	1777.0	1840.0	1780.0	2539.0	2953.0	1104.0	1780.0	3152.0	1112.0	67.0	1594.0	1527.0	1489.0	1802.0	1687.0	1999.0	897.0
with	2180.0	803.0	1620.0	1225.0	2483.0	1190.0	815.0	403.0	3360.0	606.0	1436.0	1751.0	1564.0	1395.0	2335.0	659.0	3371.0	2669.0	3081.0	1753.0	1545.0	1399.0	2639.0	1625.0	567.0	1789.0	1236.0	1009.0	660.0	1412.0	1181.0	846.0	816.0	1244.0	969.0	1888.0	691.0	671.0	1817.0	623.0	1332.0	1243.0	1492.0	2028.0	3426.0	1070.0	1548.0	3341.0	1305.0	106.0	1269.0	1303.0	1584.0	1584.0	1113.0	2087.0	958.0
had	1587.0	694.0	1579.0	776.0	2896.0	1449.0	715.0	466.0	2929.0	509.0	1324.0	2101.0	1829.0	1780.0	2287.0	516.0	3182.0	1968.0	2764.0	1814.0	1021.0	1491.0	1681.0	1551.0	657.0	2577.0	1641.0	1005.0	484.0	1828.0	1148.0	826.0	682.0	2080.0	937.0	2404.0	510.0	860.0	1970.0	790.0	1792.0	1059.0	1970.0	1773.0	1937.0	1316.0	1396.0	3078.0	1025.0	109.0	1497.0	910.0	1155.0	2152.0	1521.0	2098.0	532.0
for	2126.0	843.0	1431.0	963.0	2144.0	1186.0	1038.0	714.0	2713.0	645.0	853.0	1358.0	1771.0	1212.0	1912.0	935.0	2327.0	3272.0	2267.0	1493.0	1670.0	1299.0	2545.0	1321.0	549.0	1768.0	1471.0	1358.0	584.0	1746.0	946.0	1167.0	965.0	1553.0	817.0	1740.0	385.0	756.0	2397.0	778.0	1698.0	1508.0	1335.0	2417.0	2433.0	1364.0	1464.0	2559.0	1097.0	80.0	1740.0	1601.0	1441.0	1966.0	1721.0	1769.0	703.0
she	664.0	1334.0	1005.0	864.0	1626.0	1419.0	818.0	420.0	2135.0	628.0	569.0	913.0	3183.0	852.0	3682.0	360.0	2316.0	1642.0	3218.0	1282.0	1429.0	1475.0	2053.0	1934.0	334.0	1739.0	2906.0	389.0	453.0	815.0	1762.0	760.0	61.0	1242.0	203.0	2195.0	518.0	702.0	2394.0	418.0	2860.0	1658.0	1212.0	993.0	1626.0	1576.0	2980.0	2746.0	384.0	82.0	2542.0	968.0	532.0	2175.0	1780.0	2031.0	399.0
not	1767.0	1012.0	1497.0	1138.0	1060.0	757.0	1042.0	641.0	2643.0	653.0	1514.0	1083.0	2407.0	1598.0	1207.0	843.0	2448.0	2355.0	1682.0	1105.0	1791.0	1676.0	2540.0	1994.0	726.0	2157.0	1539.0	1203.0	374.0	2278.0	709.0	1079.0	370.0	1369.0	688.0	1363.0	546.0	823.0	1271.0	396.0	1730.0	1580.0	732.0	1817.0	1995.0	1422.0	2130.0	2054.0	1475.0	123.0	1288.0	1567.0	1365.0	2736.0	1574.0	1372.0	629.0
's	1373.0	832.0	1148.0	348.0	2943.0	1174.0	807.0	279.0	3421.0	291.0	247.0	1168.0	1494.0	738.0	2487.0	722.0	2024.0	1003.0	3106.0	1882.0	778.0	552.0	1605.0	661.0	443.0	1472.0	1168.0	1157.0	672.0	1684.0	863.0	838.0	932.0	1860.0	835.0	1685.0	512.0	428.0	2826.0	965.0	1493.0	784.0	1499.0	1758.0	2467.0	1756.0	977.0	2151.0	947.0	113.0	1610.0	845.0	925.0	1902.0	2082.0	2332.0	548.0
at	1582.0	785.0	1133.0	786.0	2633.0	1087.0	758.0	479.0	2840.0	416.0	1010.0	1631.0	1353.0	942.0	2185.0	562.0	2389.0	2103.0	2446.0	1440.0	1004.0	1172.0	1904.0	1110.0	408.0	1633.0	922.0	923.0	536.0	1279.0	1100.0	654.0	802.0	1329.0	715.0	2106.0	296.0	549.0	1461.0	431.0	1157.0	957.0	1559.0	1442.0	2241.0	985.0	1288.0	2638.0	923.0	66.0	955.0	895.0	1031.0	1465.0	1268.0	1409.0	584.0
my	1030.0	1103.0	1071.0	740.0	2681.0	1314.0	514.0	147.0	3592.0	865.0	475.0	2065.0	933.0	2056.0	1898.0	432.0	1595.0	2937.0	1000.0	1722.0	2379.0	2223.0	1543.0	1905.0	211.0	491.0	515.0	1798.0	306.0	924.0	851.0	519.0	155.0	346.0	244.0	3413.0	120.0	318.0	676.0	192.0	662.0	1242.0	2628.0	1058.0	2033.0	759.0	1127.0	5171.0	930.0	37.0	470.0	857.0	1208.0	918.0	880.0	771.0	535.0
but	1910.0	684.0	1188.0	929.0	913.0	822.0	929.0	676.0	1826.0	725.0	1301.0	1039.0	1364.0	1243.0	666.0	723.0	1768.0	2095.0	1230.0	905.0	1905.0	1224.0	2895.0	1323.0	568.0	1820.0	1319.0	1098.0	331.0	1119.0	518.0	899.0	623.0	1372.0	682.0	839.0	379.0	596.0	1716.0	568.0	1514.0	1211.0	572.0	1942.0	1935.0	734.0	1456.0	2141.0	1119.0	104.0	1338.0	1080.0	996.0	1299.0	1527.0	1583.0	524.0
is	2623.0	662.0	1335.0	1164.0	1916.0	764.0	840.0	383.0	2299.0	262.0	1421.0	656.0	1485.0	1328.0	1696.0	685.0	1723.0	1262.0	1436.0	730.0	1103.0	1347.0	2107.0	878.0	505.0	1286.0	781.0	741.0	432.0	1371.0	933.0	885.0	559.0	771.0	363.0	1310.0	313.0	747.0	1022.0	230.0	1005.0	1178.0	1107.0	1355.0	1985.0	1023.0	2056.0	1726.0	1028.0	63.0	584.0	979.0	1267.0	1598.0	841.0	951.0	924.0
on	1575.0	813.0	1033.0	688.0	2953.0	425.0	529.0	355.0	1594.0	271.0	788.0	1404.0	921.0	1258.0	2629.0	500.0	1999.0	1111.0	1517.0	961.0	726.0	1131.0	1935.0	1133.0	414.0	1288.0	886.0	876.0	371.0	915.0	1305.0	577.0	818.0	1110.0	630.0	2162.0	215.0	554.0	1571.0	513.0	949.0	690.0	1951.0	1504.0	2139.0	985.0	1254.0	2324.0	842.0	51.0	990.0	834.0	903.0	1153.0	967.0	1352.0	613.0
be	1121.0	726.0	885.0	667.0	1416.0	728.0	635.0	305.0	1791.0	508.0	1017.0	1029.0	1537.0	914.0	1171.0	562.0	2083.0	1722.0	1337.0	800.0	1146.0	1025.0	1174.0	1001.0	607.0	1969.0	984.0	780.0	279.0	1618.0	639.0	678.0	480.0	1750.0	569.0	1129.0	277.0	622.0	1577.0	524.0	1199.0	1278.0	988.0	1196.0	2194.0	1066.0	1373.0	2000.0	842.0	71.0	1038.0	994.0	1000.0	1788.0	1778.0	1416.0	621.0
him	2174.0	926.0	1179.0	543.0	2306.0	852.0	843.0	490.0	2028.0	326.0	570.0	1135.0	1443.0	606.0	1281.0	621.0	2210.0	1187.0	1654.0	1469.0	1259.0	705.0	2183.0	790.0	451.0	1507.0	811.0	496.0	345.0	1451.0	566.0	700.0	643.0	1493.0	787.0	1105.0	248.0	628.0	1155.0	457.0	929.0	697.0	975.0	1351.0	2068.0	1714.0	1006.0	1680.0	696.0	74.0	905.0	985.0	802.0	1287.0	1370.0	1052.0	572.0
have	1337.0	630.0	1051.0	642.0	1939.0	903.0	716.0	350.0	2243.0	362.0	934.0	1084.0	1563.0	935.0	1633.0	569.0	2320.0	1563.0	1220.0	817.0	1045.0	1079.0	1052.0	921.0	367.0	1199.0	918.0	746.0	327.0	1585.0	769.0	784.0	407.0	715.0	501.0	1362.0	288.0	590.0	966.0	315.0	1117.0	1061.0	1390.0	1291.0	2126.0	907.0	1338.0	2407.0	940.0	43.0	659.0	992.0	977.0	1731.0	1028.0	1146.0	613.0
me	1353.0	1061.0	865.0	637.0	2488.0	832.0	563.0	142.0	1522.0	631.0	379.0	1977.0	1078.0	1404.0	1488.0	412.0	1552.0	2744.0	650.0	523.0	1916.0	2037.0	1585.0	1728.0	139.0	473.0	636.0	1236.0	213.0	980.0	754.0	520.0	182.0	558.0	290.0	2631.0	143.0	276.0	873.0	224.0	789.0	842.0	1931.0	882.0	1837.0	713.0	1146.0	3563.0	801.0	31.0	604.0	839.0	716.0	980.0	744.0	850.0	473.0
 	34.0	3690.0	35.0	0.0	1.0	35.0	0.0	1410.0	0.0	1241.0	2.0	0.0	0.0	5339.0	3.0	2765.0	1.0	3.0	6646.0	12.0	3308.0	5027.0	1.0	1.0	1378.0	0.0	0.0	0.0	0.0	0.0	0.0	0.0	0.0	0.0	2143.0	6731.0	0.0	1.0	0.0	1548.0	0.0	0.0	0.0	73.0	0.0	0.0	0.0	0.0	1.0	0.0	1.0	0.0	4345.0	0.0	40.0	0.0	2709.0
said	1104.0	367.0	812.0	705.0	1140.0	628.0	404.0	286.0	904.0	183.0	1337.0	1346.0	587.0	478.0	1009.0	243.0	2136.0	690.0	1334.0	499.0	678.0	560.0	1587.0	574.0	342.0	1637.0	689.0	281.0	270.0	778.0	620.0	328.0	357.0	504.0	543.0	864.0	245.0	448.0	1214.0	467.0	917.0	554.0	849.0	985.0	2177.0	801.0	527.0	2939.0	709.0	44.0	546.0	370.0	645.0	751.0	926.0	1614.0	418.0
which	413.0	185.0	866.0	984.0	1418.0	895.0	535.0	314.0	1869.0	188.0	894.0	514.0	272.0	1784.0	1582.0	506.0	1169.0	888.0	1945.0	1121.0	289.0	592.0	496.0	672.0	354.0	1053.0	882.0	921.0	331.0	384.0	720.0	724.0	565.0	839.0	699.0	1393.0	376.0	688.0	710.0	310.0	769.0	1015.0	1001.0	1498.0	891.0	332.0	659.0	1265.0	944.0	79.0	627.0	1037.0	1052.0	324.0	602.0	822.0	257.0
by	1160.0	454.0	760.0	851.0	1310.0	823.0	401.0	180.0	1318.0	267.0	644.0	791.0	540.0	1196.0	1300.0	372.0	1535.0	1016.0	1237.0	784.0	641.0	649.0	1279.0	713.0	309.0	816.0	778.0	726.0	278.0	570.0	687.0	446.0	472.0	728.0	497.0	1276.0	167.0	364.0	853.0	385.0	777.0	834.0	854.0	1212.0	1460.0	646.0	699.0	1404.0	693.0	38.0	717.0	808.0	967.0	654.0	552.0	899.0	439.0
all	1257.0	285.0	623.0	379.0	1080.0	389.0	692.0	663.0	1244.0	310.0	680.0	733.0	612.0	718.0	922.0	580.0	1357.0	1895.0	1095.0	585.0	670.0	636.0	1413.0	718.0	334.0	1062.0	797.0	828.0	229.0	662.0	638.0	647.0	669.0	825.0	452.0	1016.0	364.0	302.0	842.0	227.0	962.0	762.0	675.0	1385.0	1105.0	498.0	726.0	1501.0	588.0	91.0	784.0	845.0	682.0	711.0	816.0	766.0	318.0
so	1050.0	359.0	825.0	571.0	506.0	436.0	494.0	494.0	1351.0	427.0	538.0	788.0	742.0	911.0	440.0	307.0	1653.0	1677.0	983.0	657.0	855.0	626.0	1449.0	698.0	427.0	1370.0	812.0	503.0	209.0	666.0	395.0	525.0	430.0	812.0	388.0	671.0	218.0	352.0	756.0	226.0	917.0	765.0	330.0	1024.0	1563.0	562.0	650.0	1688.0	693.0	61.0	1008.0	535.0	781.0	848.0	1032.0	714.0	525.0
this	1888.0	293.0	725.0	521.0	1125.0	842.0	260.0	140.0	1129.0	181.0	691.0	745.0	596.0	696.0	984.0	270.0	1534.0	1304.0	1030.0	824.0	566.0	660.0	1731.0	996.0	327.0	874.0	572.0	303.0	221.0	814.0	468.0	272.0	297.0	686.0	320.0	925.0	207.0	318.0	786.0	283.0	643.0	1157.0	928.0	605.0	1454.0	540.0	761.0	1379.0	693.0	44.0	462.0	514.0	707.0	691.0	586.0	787.0	390.0
from	906.0	486.0	867.0	854.0	1230.0	687.0	349.0	147.0	1285.0	250.0	502.0	574.0	700.0	1179.0	1289.0	264.0	1081.0	1125.0	1093.0	716.0	662.0	718.0	893.0	634.0	271.0	753.0	566.0	533.0	168.0	708.0	618.0	345.0	332.0	640.0	418.0	1230.0	172.0	420.0	749.0	296.0	650.0	778.0	745.0	896.0	871.0	556.0	718.0	1050.0	770.0	29.0	557.0	690.0	714.0	696.0	526.0	758.0	355.0
if	785.0	443.0	662.0	351.0	1270.0	576.0	484.0	317.0	837.0	313.0	350.0	768.0	653.0	586.0	1042.0	400.0	1326.0	1070.0	617.0	372.0	864.0	533.0	477.0	390.0	193.0	620.0	779.0	574.0	161.0	833.0	555.0	600.0	270.0	653.0	262.0	924.0	182.0	341.0	1025.0	324.0	951.0	553.0	712.0	979.0	1424.0	481.0	726.0	1521.0	424.0	37.0	713.0	692.0	479.0	706.0	676.0	934.0	372.0
no	1125.0	391.0	656.0	433.0	954.0	543.0	444.0	250.0	1213.0	297.0	487.0	635.0	679.0	677.0	936.0	295.0	1363.0	1070.0	685.0	610.0	760.0	752.0	921.0	678.0	370.0	825.0	573.0	488.0	186.0	706.0	530.0	429.0	315.0	579.0	320.0	877.0	174.0	319.0	945.0	301.0	660.0	516.0	557.0	741.0	1266.0	536.0	860.0	1211.0	542.0	48.0	609.0	504.0	491.0	811.0	605.0	839.0	361.0
do	1085.0	429.0	594.0	144.0	1003.0	473.0	499.0	291.0	1075.0	273.0	319.0	733.0	945.0	335.0	872.0	403.0	1401.0	738.0	612.0	283.0	748.0	610.0	492.0	492.0	268.0	992.0	619.0	500.0	187.0	1099.0	463.0	576.0	413.0	797.0	314.0	673.0	270.0	301.0	666.0	218.0	817.0	629.0	633.0	694.0	1715.0	779.0	710.0	1393.0	309.0	44.0	559.0	544.0	357.0	1182.0	1147.0	761.0	363.0
they	1313.0	299.0	440.0	653.0	556.0	265.0	411.0	718.0	1187.0	277.0	905.0	383.0	698.0	287.0	478.0	554.0	1112.0	929.0	919.0	473.0	325.0	506.0	1510.0	449.0	226.0	738.0	616.0	892.0	150.0	812.0	391.0	393.0	713.0	774.0	505.0	492.0	127.0	589.0	757.0	227.0	810.0	397.0	414.0	1219.0	1014.0	628.0	975.0	767.0	515.0	26.0	807.0	769.0	461.0	1129.0	561.0	723.0	294.0
what	991.0	309.0	526.0	334.0	1104.0	435.0	456.0	251.0	1079.0	212.0	422.0	663.0	904.0	542.0	756.0	413.0	1173.0	738.0	660.0	385.0	558.0	707.0	1016.0	625.0	235.0	742.0	499.0	507.0	153.0	886.0	458.0	494.0	294.0	778.0	243.0	724.0	192.0	377.0	779.0	237.0	726.0	452.0	853.0	722.0	1275.0	671.0	760.0	1335.0	540.0	49.0	559.0	744.0	447.0	983.0	801.0	739.0	361.0
would	631.0	490.0	437.0	238.0	586.0	386.0	305.0	211.0	1248.0	379.0	538.0	637.0	894.0	556.0	487.0	255.0	1134.0	1037.0	946.0	606.0	741.0	665.0	702.0	749.0	378.0	1107.0	645.0	320.0	221.0	906.0	290.0	395.0	230.0	968.0	347.0	458.0	125.0	287.0	777.0	262.0	833.0	585.0	415.0	581.0	1018.0	507.0	930.0	1082.0	351.0	31.0	648.0	387.0	391.0	986.0	1041.0	891.0	292.0
one	1125.0	291.0	662.0	471.0	868.0	435.0	453.0	263.0	886.0	205.0	507.0	505.0	708.0	491.0	857.0	388.0	1006.0	1018.0	733.0	485.0	445.0	591.0	1158.0	549.0	209.0	622.0	520.0	523.0	190.0	842.0	392.0	511.0	498.0	526.0	343.0	719.0	189.0	361.0	596.0	180.0	634.0	510.0	508.0	924.0	868.0	566.0	570.0	900.0	541.0	35.0	692.0	664.0	689.0	923.0	516.0	543.0	232.0
were	699.0	354.0	470.0	508.0	626.0	301.0	241.0	276.0	1439.0	255.0	735.0	794.0	674.0	459.0	535.0	233.0	1194.0	922.0	1067.0	765.0	366.0	620.0	790.0	728.0	269.0	775.0	665.0	423.0	203.0	716.0	422.0	234.0	401.0	639.0	402.0	638.0	156.0	436.0	546.0	217.0	681.0	489.0	419.0	851.0	920.0	444.0	752.0	1251.0	383.0	41.0	863.0	502.0	491.0	804.0	571.0	678.0	258.0
there	800.0	321.0	500.0	294.0	860.0	391.0	367.0	333.0	904.0	184.0	666.0	733.0	705.0	499.0	640.0	328.0	1160.0	782.0	812.0	476.0	419.0	506.0	824.0	528.0	207.0	734.0	466.0	503.0	165.0	736.0	436.0	377.0	382.0	725.0	247.0	670.0	136.0	357.0	1019.0	363.0	602.0	342.0	555.0	798.0	1067.0	476.0	639.0	1193.0	354.0	28.0	524.0	451.0	368.0	882.0	619.0	799.0	282.0
when	581.0	309.0	522.0	300.0	1058.0	355.0	223.0	239.0	1326.0	209.0	474.0	870.0	560.0	520.0	800.0	221.0	1187.0	784.0	1131.0	714.0	444.0	568.0	588.0	478.0	160.0	532.0	575.0	314.0	210.0	588.0	636.0	250.0	234.0	614.0	275.0	913.0	183.0	228.0	831.0	272.0	484.0	352.0	716.0	485.0	1081.0	462.0	694.0	1643.0	408.0	34.0	534.0	318.0	452.0	579.0	509.0	762.0	312.0
or	746.0	310.0	417.0	343.0	599.0	434.0	274.0	304.0	1298.0	368.0	433.0	552.0	526.0	695.0	466.0	336.0	1043.0	1031.0	965.0	646.0	775.0	632.0	671.0	832.0	190.0	600.0	552.0	565.0	176.0	463.0	298.0	360.0	569.0	635.0	326.0	577.0	129.0	633.0	428.0	158.0	601.0	410.0	394.0	794.0	881.0	349.0	755.0	994.0	410.0	44.0	540.0	549.0	542.0	597.0	546.0	403.0	331.0
mr.	1116.0	307.0	743.0	0.0	1309.0	455.0	144.0	46.0	1939.0	154.0	270.0	700.0	1664.0	192.0	971.0	59.0	2.0	28.0	777.0	550.0	359.0	539.0	2.0	46.0	0.0	807.0	0.0	107.0	398.0	1747.0	507.0	139.0	17.0	552.0	0.0	596.0	0.0	0.0	512.0	177.0	983.0	726.0	1609.0	376.0	0.0	213.0	677.0	2467.0	117.0	0.0	200.0	0.0	280.0	1405.0	19.0	920.0	1030.0
your	950.0	407.0	666.0	208.0	1087.0	372.0	278.0	103.0	1174.0	133.0	347.0	388.0	542.0	563.0	1342.0	309.0	807.0	474.0	478.0	464.0	609.0	674.0	631.0	401.0	137.0	370.0	308.0	384.0	112.0	502.0	475.0	327.0	153.0	475.0	211.0	699.0	88.0	252.0	510.0	151.0	358.0	709.0	707.0	618.0	1190.0	406.0	812.0	573.0	653.0	20.0	199.0	470.0	686.0	489.0	782.0	508.0	336.0
been	522.0	223.0	443.0	249.0	820.0	560.0	274.0	145.0	1101.0	141.0	465.0	608.0	734.0	456.0	594.0	184.0	1148.0	596.0	748.0	538.0	329.0	390.0	399.0	358.0	253.0	933.0	526.0	342.0	152.0	810.0	384.0	302.0	274.0	685.0	294.0	709.0	142.0	308.0	699.0	288.0	591.0	469.0	512.0	546.0	824.0	327.0	439.0	1104.0	373.0	35.0	403.0	322.0	427.0	859.0	493.0	734.0	236.0
an	759.0	321.0	488.0	322.0	809.0	411.0	262.0	99.0	781.0	198.0	512.0	439.0	511.0	555.0	719.0	232.0	944.0	340.0	765.0	384.0	353.0	597.0	740.0	616.0	211.0	498.0	377.0	541.0	206.0	430.0	317.0	278.0	179.0	355.0	300.0	521.0	105.0	288.0	956.0	189.0	419.0	435.0	467.0	514.0	884.0	536.0	694.0	951.0	474.0	34.0	370.0	418.0	649.0	469.0	400.0	790.0	286.0
will	948.0	241.0	612.0	340.0	736.0	351.0	474.0	219.0	1028.0	187.0	506.0	172.0	649.0	482.0	867.0	343.0	657.0	667.0	527.0	349.0	590.0	613.0	735.0	431.0	216.0	596.0	398.0	373.0	125.0	591.0	380.0	371.0	126.0	306.0	194.0	512.0	97.0	242.0	335.0	74.0	465.0	734.0	514.0	843.0	613.0	450.0	788.0	519.0	396.0	11.0	387.0	682.0	437.0	732.0	554.0	361.0	271.0
out	955.0	310.0	320.0	70.0	778.0	371.0	360.0	319.0	961.0	104.0	105.0	782.0	596.0	215.0	597.0	268.0	1066.0	560.0	870.0	528.0	218.0	399.0	828.0	385.0	112.0	385.0	432.0	481.0	163.0	747.0	377.0	339.0	463.0	420.0	164.0	595.0	195.0	222.0	563.0	191.0	564.0	207.0	641.0	671.0	1170.0	354.0	353.0	1103.0	161.0	26.0	423.0	413.0	182.0	836.0	454.0	543.0	288.0
n't	1067.0	507.0	274.0	6.0	1133.0	352.0	268.0	157.0	922.0	209.0	6.0	621.0	468.0	20.0	731.0	230.0	1021.0	89.0	670.0	164.0	554.0	194.0	121.0	168.0	143.0	541.0	304.0	292.0	166.0	678.0	294.0	326.0	693.0	1082.0	242.0	372.0	186.0	126.0	773.0	385.0	542.0	106.0	625.0	274.0	1774.0	630.0	269.0	1221.0	99.0	40.0	436.0	133.0	105.0	624.0	1303.0	1056.0	288.0
who	506.0	155.0	632.0	391.0	652.0	470.0	342.0	188.0	1519.0	89.0	484.0	333.0	511.0	479.0	477.0	301.0	911.0	609.0	1359.0	814.0	178.0	278.0	512.0	246.0	183.0	544.0	391.0	450.0	253.0	555.0	313.0	406.0	448.0	392.0	297.0	503.0	135.0	333.0	496.0	190.0	403.0	447.0	347.0	911.0	637.0	395.0	386.0	667.0	379.0	28.0	425.0	604.0	625.0	469.0	336.0	517.0	137.0
we	648.0	343.0	342.0	407.0	656.0	185.0	241.0	136.0	1473.0	181.0	464.0	769.0	368.0	394.0	553.0	249.0	617.0	972.0	598.0	459.0	346.0	314.0	653.0	341.0	167.0	493.0	292.0	511.0	178.0	406.0	426.0	185.0	324.0	208.0	133.0	827.0	92.0	274.0	522.0	133.0	429.0	312.0	580.0	817.0	666.0	446.0	509.0	1503.0	509.0	17.0	354.0	460.0	640.0	567.0	338.0	417.0	202.0
are	1024.0	296.0	515.0	402.0	616.0	243.0	346.0	286.0	1105.0	97.0	542.0	273.0	559.0	429.0	654.0	357.0	771.0	510.0	644.0	355.0	397.0	601.0	838.0	398.0	180.0	528.0	256.0	431.0	151.0	561.0	385.0	356.0	350.0	278.0	237.0	539.0	102.0	367.0	415.0	81.0	391.0	382.0	375.0	659.0	861.0	442.0	955.0	710.0	423.0	16.0	235.0	538.0	532.0	617.0	301.0	398.0	288.0
them	881.0	232.0	197.0	244.0	476.0	200.0	363.0	419.0	785.0	307.0	348.0	365.0	452.0	219.0	528.0	386.0	814.0	977.0	570.0	395.0	428.0	392.0	1042.0	361.0	124.0	475.0	292.0	685.0	94.0	592.0	320.0	364.0	406.0	505.0	324.0	541.0	125.0	327.0	493.0	139.0	449.0	383.0	404.0	968.0	521.0	386.0	649.0	635.0	257.0	30.0	318.0	603.0	241.0	649.0	341.0	376.0	197.0
could	473.0	319.0	302.0	203.0	465.0	325.0	255.0	193.0	626.0	260.0	334.0	516.0	639.0	478.0	400.0	146.0	717.0	952.0	527.0	381.0	467.0	504.0	505.0	545.0	273.0	713.0	534.0	296.0	110.0	649.0	258.0	218.0	216.0	569.0	216.0	600.0	212.0	229.0	620.0	209.0	619.0	331.0	374.0	438.0	603.0	384.0	494.0	959.0	267.0	59.0	567.0	344.0	251.0	654.0	577.0	547.0	154.0
now	815.0	232.0	459.0	357.0	641.0	155.0	296.0	147.0	564.0	146.0	247.0	449.0	435.0	390.0	531.0	202.0	661.0	1125.0	370.0	312.0	467.0	663.0	783.0	490.0	206.0	725.0	406.0	297.0	117.0	416.0	383.0	254.0	312.0	650.0	191.0	473.0	117.0	175.0	559.0	162.0	406.0	265.0	414.0	608.0	754.0	420.0	553.0	720.0	575.0	21.0	452.0	310.0	431.0	461.0	513.0	440.0	206.0
up	631.0	322.0	322.0	144.0	527.0	306.0	393.0	322.0	603.0	99.0	130.0	632.0	552.0	251.0	423.0	294.0	894.0	714.0	730.0	371.0	288.0	390.0	535.0	335.0	169.0	497.0	487.0	445.0	129.0	763.0	331.0	347.0	595.0	401.0	203.0	388.0	171.0	224.0	619.0	182.0	620.0	144.0	443.0	741.0	895.0	312.0	364.0	884.0	223.0	24.0	566.0	406.0	201.0	668.0	486.0	506.0	212.0
more	588.0	218.0	504.0	431.0	738.0	225.0	346.0	182.0	785.0	181.0	298.0	395.0	330.0	516.0	665.0	228.0	754.0	785.0	494.0	445.0	475.0	361.0	562.0	378.0	127.0	405.0	441.0	369.0	140.0	351.0	336.0	387.0	218.0	330.0	247.0	540.0	124.0	232.0	567.0	177.0	478.0	438.0	399.0	669.0	663.0	263.0	436.0	774.0	548.0	36.0	420.0	413.0	464.0	375.0	352.0	535.0	187.0
their	662.0	147.0	288.0	453.0	318.0	152.0	218.0	258.0	1031.0	216.0	564.0	175.0	293.0	271.0	339.0	302.0	526.0	648.0	743.0	387.0	212.0	343.0	967.0	331.0	182.0	405.0	371.0	505.0	109.0	350.0	188.0	235.0	482.0	327.0	288.0	212.0	80.0	307.0	453.0	190.0	450.0	336.0	257.0	906.0	492.0	317.0	540.0	323.0	326.0	16.0	405.0	541.0	350.0	479.0	244.0	398.0	181.0
very	413.0	130.0	521.0	123.0	311.0	506.0	231.0	330.0	899.0	157.0	253.0	395.0	334.0	240.0	221.0	184.0	761.0	941.0	878.0	481.0	315.0	372.0	376.0	388.0	146.0	634.0	480.0	250.0	191.0	312.0	225.0	276.0	180.0	312.0	263.0	289.0	149.0	118.0	352.0	114.0	468.0	697.0	246.0	401.0	746.0	250.0	395.0	995.0	237.0	43.0	288.0	200.0	383.0	403.0	567.0	465.0	222.0
little	510.0	178.0	298.0	104.0	566.0	350.0	182.0	340.0	958.0	189.0	161.0	370.0	225.0	125.0	486.0	126.0	1439.0	692.0	1122.0	461.0	368.0	342.0	621.0	515.0	89.0	321.0	417.0	215.0	187.0	217.0	355.0	244.0	189.0	264.0	179.0	462.0	292.0	57.0	439.0	162.0	340.0	304.0	308.0	288.0	876.0	247.0	373.0	1087.0	243.0	33.0	419.0	184.0	269.0	280.0	236.0	402.0	208.0
then	903.0	288.0	383.0	318.0	199.0	215.0	294.0	297.0	344.0	179.0	342.0	435.0	362.0	382.0	197.0	205.0	560.0	748.0	302.0	201.0	477.0	488.0	1106.0	346.0	126.0	600.0	293.0	413.0	74.0	345.0	215.0	261.0	319.0	543.0	174.0	304.0	59.0	230.0	367.0	119.0	344.0	301.0	229.0	676.0	703.0	354.0	383.0	609.0	273.0	10.0	386.0	408.0	245.0	397.0	500.0	411.0	207.0
into	677.0	273.0	349.0	248.0	531.0	365.0	276.0	243.0	434.0	91.0	167.0	491.0	389.0	453.0	514.0	214.0	744.0	352.0	576.0	273.0	261.0	264.0	491.0	300.0	126.0	370.0	455.0	348.0	119.0	472.0	262.0	258.0	275.0	286.0	227.0	376.0	161.0	221.0	418.0	151.0	429.0	230.0	387.0	555.0	657.0	237.0	304.0	750.0	335.0	33.0	307.0	399.0	355.0	503.0	322.0	401.0	239.0
man	985.0	91.0	635.0	203.0	743.0	343.0	339.0	124.0	564.0	49.0	246.0	316.0	367.0	527.0	368.0	307.0	656.0	778.0	499.0	352.0	159.0	144.0	705.0	180.0	190.0	447.0	131.0	481.0	122.0	143.0	251.0	368.0	118.0	525.0	144.0	487.0	95.0	118.0	457.0	164.0	290.0	214.0	332.0	662.0	792.0	377.0	252.0	391.0	440.0	41.0	261.0	457.0	398.0	277.0	290.0	293.0	140.0
did	515.0	292.0	324.0	128.0	311.0	226.0	213.0	214.0	706.0	158.0	166.0	360.0	806.0	253.0	215.0	141.0	507.0	302.0	548.0	318.0	382.0	394.0	508.0	476.0	167.0	544.0	428.0	277.0	131.0	680.0	145.0	197.0	153.0	563.0	183.0	335.0	128.0	160.0	277.0	129.0	462.0	294.0	270.0	329.0	553.0	402.0	418.0	563.0	237.0	35.0	395.0	261.0	210.0	749.0	538.0	364.0	138.0
than	517.0	199.0	361.0	249.0	438.0	229.0	201.0	117.0	639.0	129.0	263.0	293.0	312.0	368.0	425.0	190.0	569.0	655.0	380.0	453.0	356.0	284.0	550.0	372.0	127.0	366.0	274.0	285.0	113.0	364.0	214.0	272.0	154.0	290.0	164.0	369.0	75.0	166.0	512.0	156.0	340.0	401.0	259.0	485.0	500.0	225.0	429.0	576.0	375.0	30.0	264.0	311.0	461.0	401.0	303.0	426.0	148.0
some	400.0	156.0	352.0	234.0	379.0	320.0	168.0	106.0	541.0	163.0	416.0	323.0	337.0	427.0	273.0	152.0	529.0	507.0	448.0	201.0	314.0	370.0	387.0	449.0	120.0	346.0	384.0	265.0	109.0	385.0	205.0	181.0	207.0	232.0	250.0	298.0	71.0	211.0	374.0	148.0	460.0	260.0	288.0	432.0	469.0	178.0	402.0	660.0	315.0	13.0	384.0	285.0	281.0	441.0	220.0	396.0	157.0
know	370.0	123.0	268.0	144.0	457.0	247.0	224.0	181.0	611.0	120.0	187.0	375.0	532.0	185.0	355.0	170.0	744.0	409.0	345.0	231.0	364.0	223.0	339.0	316.0	96.0	409.0	310.0	194.0	104.0	466.0	163.0	266.0	139.0	344.0	137.0	350.0	136.0	110.0	454.0	155.0	380.0	257.0	268.0	344.0	793.0	363.0	358.0	781.0	173.0	29.0	338.0	273.0	186.0	414.0	444.0	402.0	179.0
like	695.0	156.0	226.0	159.0	343.0	210.0	275.0	255.0	482.0	139.0	214.0	316.0	291.0	187.0	243.0	244.0	502.0	543.0	360.0	190.0	245.0	397.0	720.0	418.0	60.0	234.0	251.0	358.0	67.0	266.0	152.0	258.0	168.0	208.0	143.0	249.0	68.0	152.0	656.0	191.0	362.0	196.0	207.0	575.0	575.0	339.0	486.0	626.0	189.0	20.0	325.0	354.0	254.0	296.0	253.0	547.0	141.0
can	402.0	209.0	289.0	226.0	565.0	280.0	248.0	132.0	437.0	126.0	270.0	161.0	469.0	404.0	499.0	242.0	436.0	444.0	225.0	173.0	469.0	361.0	430.0	210.0	150.0	353.0	262.0	229.0	71.0	434.0	249.0	275.0	132.0	205.0	127.0	441.0	93.0	158.0	371.0	104.0	335.0	378.0	315.0	370.0	505.0	274.0	440.0	449.0	299.0	16.0	306.0	320.0	255.0	523.0	340.0	323.0	172.0
time	298.0	127.0	251.0	148.0	898.0	233.0	107.0	80.0	407.0	149.0	251.0	366.0	298.0	183.0	693.0	102.0	601.0	540.0	339.0	273.0	299.0	242.0	368.0	241.0	83.0	290.0	326.0	163.0	86.0	350.0	342.0	112.0	217.0	344.0	197.0	704.0	67.0	173.0	298.0	112.0	423.0	221.0	565.0	235.0	471.0	186.0	262.0	655.0	222.0	15.0	348.0	160.0	265.0	400.0	332.0	250.0	168.0
has	393.0	168.0	295.0	227.0	699.0	245.0	291.0	65.0	911.0	47.0	290.0	116.0	334.0	404.0	638.0	201.0	421.0	190.0	432.0	218.0	230.0	242.0	209.0	156.0	177.0	345.0	211.0	221.0	134.0	460.0	210.0	283.0	178.0	196.0	104.0	511.0	64.0	179.0	283.0	73.0	269.0	369.0	416.0	448.0	512.0	313.0	361.0	430.0	218.0	10.0	129.0	275.0	236.0	406.0	240.0	218.0	246.0
about	341.0	158.0	189.0	52.0	448.0	323.0	151.0	170.0	645.0	143.0	269.0	320.0	245.0	139.0	246.0	116.0	587.0	542.0	649.0	266.0	261.0	219.0	241.0	260.0	120.0	339.0	310.0	204.0	85.0	323.0	296.0	221.0	253.0	391.0	116.0	432.0	86.0	142.0	544.0	106.0	384.0	173.0	344.0	286.0	482.0	228.0	294.0	649.0	166.0	24.0	310.0	159.0	180.0	304.0	492.0	428.0	118.0
well	603.0	132.0	316.0	166.0	251.0	175.0	192.0	81.0	452.0	169.0	247.0	297.0	317.0	158.0	211.0	119.0	528.0	494.0	311.0	204.0	387.0	348.0	509.0	390.0	164.0	493.0	235.0	209.0	96.0	263.0	120.0	245.0	244.0	409.0	170.0	244.0	63.0	148.0	425.0	140.0	307.0	226.0	191.0	400.0	494.0	264.0	313.0	536.0	268.0	13.0	292.0	266.0	251.0	349.0	499.0	411.0	125.0
never	441.0	181.0	341.0	128.0	307.0	233.0	182.0	167.0	585.0	126.0	357.0	314.0	438.0	203.0	264.0	121.0	560.0	595.0	454.0	314.0	293.0	291.0	371.0	285.0	117.0	327.0	291.0	207.0	110.0	332.0	220.0	174.0	152.0	257.0	129.0	272.0	103.0	88.0	371.0	113.0	359.0	210.0	223.0	314.0	482.0	205.0	419.0	660.0	184.0	10.0	349.0	193.0	260.0	404.0	293.0	377.0	117.0
should	253.0	263.0	181.0	122.0	245.0	209.0	157.0	79.0	654.0	174.0	335.0	364.0	472.0	253.0	209.0	125.0	489.0	379.0	354.0	284.0	388.0	286.0	280.0	265.0	163.0	618.0	244.0	184.0	93.0	455.0	143.0	150.0	104.0	351.0	151.0	284.0	64.0	126.0	387.0	147.0	309.0	422.0	157.0	282.0	494.0	238.0	379.0	676.0	194.0	14.0	214.0	202.0	208.0	504.0	451.0	447.0	162.0
any	312.0	140.0	168.0	61.0	450.0	297.0	156.0	98.0	523.0	94.0	241.0	267.0	257.0	172.0	428.0	105.0	665.0	698.0	415.0	239.0	245.0	208.0	155.0	184.0	162.0	440.0	356.0	172.0	83.0	290.0	391.0	175.0	172.0	431.0	177.0	467.0	97.0	125.0	398.0	136.0	422.0	435.0	313.0	283.0	475.0	156.0	217.0	664.0	200.0	14.0	323.0	193.0	175.0	303.0	430.0	403.0	150.0
good	570.0	117.0	257.0	61.0	317.0	189.0	207.0	152.0	777.0	118.0	149.0	253.0	251.0	107.0	238.0	142.0	549.0	684.0	627.0	282.0	252.0	231.0	631.0	297.0	96.0	270.0	202.0	214.0	103.0	323.0	158.0	279.0	239.0	262.0	129.0	235.0	61.0	131.0	418.0	119.0	316.0	207.0	213.0	428.0	527.0	219.0	356.0	576.0	185.0	49.0	241.0	188.0	282.0	433.0	319.0	346.0	145.0
see	517.0	174.0	281.0	160.0	393.0	220.0	199.0	178.0	518.0	156.0	190.0	272.0	344.0	157.0	323.0	188.0	474.0	418.0	389.0	204.0	314.0	272.0	434.0	214.0	94.0	213.0	235.0	229.0	82.0	298.0	178.0	231.0	194.0	302.0	162.0	341.0	85.0	106.0	499.0	111.0	376.0	206.0	324.0	321.0	440.0	351.0	347.0	550.0	191.0	19.0	339.0	237.0	182.0	337.0	335.0	375.0	139.0
how	435.0	227.0	218.0	169.0	355.0	209.0	175.0	101.0	673.0	121.0	96.0	285.0	364.0	216.0	245.0	209.0	470.0	502.0	649.0	205.0	278.0	274.0	411.0	326.0	172.0	429.0	302.0	219.0	91.0	288.0	189.0	154.0	148.0	289.0	168.0	264.0	98.0	99.0	242.0	68.0	358.0	241.0	270.0	328.0	491.0	239.0	272.0	610.0	268.0	27.0	322.0	236.0	216.0	328.0	288.0	203.0	111.0
before	337.0	155.0	274.0	181.0	553.0	296.0	146.0	90.0	444.0	97.0	136.0	306.0	260.0	365.0	517.0	102.0	496.0	381.0	419.0	321.0	281.0	283.0	224.0	210.0	101.0	303.0	316.0	194.0	66.0	268.0	268.0	110.0	158.0	276.0	160.0	504.0	100.0	149.0	368.0	94.0	319.0	274.0	403.0	367.0	422.0	162.0	235.0	587.0	223.0	24.0	259.0	260.0	230.0	266.0	308.0	309.0	129.0
own	264.0	117.0	306.0	169.0	660.0	158.0	172.0	56.0	585.0	107.0	105.0	190.0	245.0	352.0	639.0	207.0	426.0	444.0	393.0	270.0	288.0	204.0	305.0	268.0	147.0	408.0	170.0	292.0	67.0	236.0	206.0	189.0	132.0	284.0	133.0	592.0	129.0	125.0	325.0	126.0	251.0	205.0	456.0	309.0	399.0	140.0	280.0	402.0	185.0	19.0	172.0	352.0	206.0	258.0	479.0	296.0	125.0
only	286.0	147.0	205.0	185.0	486.0	267.0	209.0	142.0	445.0	137.0	339.0	170.0	258.0	227.0	416.0	157.0	341.0	656.0	379.0	241.0	291.0	287.0	225.0	242.0	85.0	255.0	262.0	271.0	79.0	316.0	188.0	196.0	184.0	342.0	188.0	439.0	93.0	84.0	320.0	119.0	377.0	245.0	352.0	339.0	313.0	195.0	335.0	348.0	221.0	26.0	255.0	277.0	296.0	348.0	321.0	356.0	99.0
come	504.0	190.0	218.0	132.0	376.0	178.0	174.0	123.0	415.0	91.0	82.0	372.0	425.0	154.0	319.0	93.0	482.0	494.0	383.0	208.0	206.0	223.0	459.0	193.0	78.0	282.0	249.0	129.0	69.0	449.0	150.0	124.0	182.0	370.0	136.0	299.0	79.0	142.0	531.0	191.0	361.0	165.0	195.0	341.0	586.0	268.0	295.0	562.0	137.0	12.0	283.0	177.0	98.0	433.0	305.0	424.0	167.0
say	335.0	106.0	248.0	85.0	488.0	175.0	141.0	83.0	656.0	90.0	171.0	298.0	332.0	178.0	413.0	143.0	657.0	340.0	351.0	204.0	196.0	192.0	312.0	205.0	122.0	335.0	191.0	173.0	101.0	388.0	250.0	155.0	143.0	325.0	93.0	417.0	84.0	134.0	294.0	98.0	256.0	198.0	391.0	231.0	687.0	279.0	274.0	599.0	174.0	27.0	266.0	180.0	198.0	390.0	402.0	288.0	178.0
old	350.0	82.0	241.0	95.0	399.0	250.0	258.0	183.0	744.0	69.0	63.0	303.0	169.0	194.0	359.0	154.0	576.0	265.0	914.0	293.0	117.0	117.0	325.0	160.0	163.0	161.0	237.0	220.0	162.0	280.0	274.0	308.0	393.0	158.0	111.0	227.0	32.0	116.0	400.0	123.0	175.0	82.0	160.0	511.0	483.0	262.0	210.0	638.0	201.0	51.0	224.0	383.0	226.0	182.0	146.0	217.0	132.0
must	323.0	194.0	216.0	121.0	287.0	182.0	238.0	130.0	453.0	129.0	233.0	203.0	428.0	180.0	254.0	202.0	357.0	474.0	339.0	150.0	320.0	309.0	290.0	284.0	104.0	368.0	267.0	211.0	66.0	390.0	179.0	210.0	120.0	236.0	134.0	254.0	53.0	127.0	405.0	122.0	293.0	275.0	213.0	342.0	397.0	285.0	311.0	361.0	160.0	11.0	240.0	317.0	186.0	507.0	331.0	389.0	106.0
upon	344.0	21.0	277.0	302.0	26.0	701.0	119.0	48.0	483.0	120.0	144.0	363.0	613.0	171.0	35.0	54.0	778.0	900.0	504.0	231.0	360.0	49.0	228.0	135.0	64.0	141.0	170.0	135.0	73.0	629.0	51.0	110.0	87.0	103.0	85.0	66.0	171.0	207.0	110.0	30.0	230.0	497.0	63.0	376.0	750.0	200.0	73.0	798.0	299.0	31.0	124.0	189.0	261.0	499.0	119.0	104.0	228.0
am	434.0	90.0	290.0	158.0	544.0	183.0	189.0	76.0	502.0	50.0	243.0	240.0	391.0	165.0	510.0	146.0	770.0	300.0	185.0	150.0	258.0	349.0	385.0	230.0	64.0	232.0	230.0	137.0	43.0	318.0	243.0	163.0	32.0	64.0	91.0	426.0	65.0	140.0	68.0	6.0	284.0	293.0	371.0	220.0	707.0	136.0	426.0	857.0	181.0	8.0	79.0	237.0	175.0	358.0	179.0	104.0	205.0
down	488.0	174.0	148.0	100.0	261.0	223.0	257.0	186.0	334.0	38.0	73.0	364.0	285.0	116.0	242.0	153.0	554.0	374.0	423.0	193.0	114.0	247.0	444.0	220.0	60.0	296.0	258.0	263.0	89.0	256.0	211.0	173.0	276.0	283.0	134.0	240.0	90.0	113.0	322.0	73.0	304.0	115.0	188.0	521.0	556.0	222.0	249.0	609.0	78.0	9.0	271.0	272.0	106.0	338.0	269.0	279.0	172.0
after	365.0	166.0	260.0	95.0	528.0	191.0	180.0	94.0	512.0	91.0	184.0	293.0	283.0	145.0	427.0	115.0	387.0	388.0	498.0	339.0	238.0	190.0	354.0	161.0	73.0	208.0	221.0	234.0	78.0	192.0	274.0	201.0	223.0	256.0	164.0	349.0	95.0	95.0	283.0	83.0	228.0	162.0	349.0	482.0	390.0	163.0	176.0	440.0	165.0	13.0	212.0	271.0	210.0	252.0	248.0	227.0	92.0
over	321.0	167.0	246.0	272.0	370.0	159.0	224.0	169.0	588.0	62.0	142.0	261.0	308.0	206.0	346.0	128.0	443.0	341.0	469.0	291.0	166.0	266.0	292.0	233.0	74.0	269.0	230.0	200.0	59.0	319.0	259.0	179.0	234.0	277.0	171.0	313.0	109.0	106.0	212.0	74.0	225.0	136.0	208.0	388.0	479.0	202.0	244.0	432.0	197.0	22.0	238.0	195.0	174.0	351.0	230.0	189.0	99.0
go	481.0	177.0	220.0	59.0	394.0	187.0	241.0	164.0	431.0	90.0	144.0	260.0	343.0	80.0	262.0	133.0	370.0	359.0	359.0	185.0	192.0	242.0	414.0	152.0	66.0	318.0	257.0	152.0	67.0	333.0	223.0	200.0	198.0	302.0	94.0	250.0	111.0	104.0	458.0	98.0	405.0	134.0	216.0	387.0	366.0	261.0	226.0	410.0	79.0	10.0	304.0	199.0	86.0	434.0	339.0	361.0	96.0
much	221.0	97.0	238.0	86.0	132.0	172.0	119.0	94.0	555.0	111.0	241.0	309.0	211.0	167.0	109.0	98.0	635.0	543.0	434.0	220.0	253.0	207.0	182.0	250.0	146.0	394.0	291.0	148.0	103.0	261.0	127.0	157.0	135.0	290.0	125.0	180.0	94.0	96.0	303.0	91.0	330.0	239.0	132.0	251.0	558.0	199.0	247.0	654.0	142.0	23.0	261.0	122.0	168.0	286.0	418.0	310.0	161.0
sir	636.0	43.0	267.0	3.0	338.0	333.0	207.0	53.0	667.0	40.0	24.0	126.0	365.0	288.0	294.0	278.0	512.0	234.0	559.0	136.0	60.0	308.0	95.0	25.0	111.0	279.0	108.0	39.0	164.0	491.0	95.0	266.0	74.0	43.0	89.0	834.0	14.0	7.0	180.0	40.0	66.0	346.0	267.0	794.0	554.0	412.0	154.0	432.0	285.0	9.0	85.0	79.0	130.0	359.0	27.0	70.0	185.0
again	250.0	136.0	204.0	120.0	695.0	89.0	167.0	119.0	265.0	79.0	86.0	352.0	318.0	166.0	552.0	107.0	577.0	337.0	159.0	129.0	202.0	242.0	254.0	132.0	78.0	256.0	155.0	184.0	33.0	281.0	352.0	146.0	137.0	194.0	77.0	471.0	67.0	80.0	380.0	121.0	189.0	165.0	393.0	350.0	572.0	118.0	209.0	498.0	101.0	10.0	221.0	194.0	62.0	290.0	262.0	366.0	177.0
day	500.0	108.0	245.0	157.0	414.0	189.0	125.0	95.0	383.0	75.0	217.0	221.0	289.0	183.0	378.0	126.0	402.0	263.0	427.0	270.0	162.0	234.0	442.0	257.0	85.0	250.0	207.0	192.0	92.0	302.0	142.0	125.0	135.0	187.0	140.0	361.0	56.0	127.0	315.0	65.0	267.0	130.0	225.0	346.0	281.0	179.0	303.0	384.0	187.0	8.0	235.0	184.0	151.0	283.0	192.0	236.0	93.0
think	271.0	113.0	204.0	78.0	351.0	200.0	123.0	49.0	409.0	118.0	223.0	237.0	275.0	97.0	261.0	108.0	389.0	327.0	220.0	188.0	322.0	216.0	219.0	243.0	93.0	335.0	312.0	122.0	63.0	258.0	171.0	104.0	121.0	247.0	96.0	234.0	86.0	66.0	393.0	89.0	355.0	328.0	153.0	108.0	450.0	284.0	267.0	582.0	150.0	11.0	303.0	92.0	172.0	328.0	419.0	338.0	98.0
such	260.0	103.0	178.0	123.0	230.0	173.0	139.0	97.0	485.0	158.0	162.0	187.0	124.0	229.0	180.0	104.0	512.0	361.0	434.0	249.0	352.0	254.0	233.0	303.0	213.0	531.0	256.0	177.0	92.0	117.0	106.0	146.0	115.0	214.0	170.0	190.0	93.0	122.0	229.0	64.0	276.0	407.0	147.0	255.0	360.0	164.0	313.0	540.0	120.0	26.0	244.0	220.0	166.0	130.0	298.0	208.0	124.0
other	387.0	114.0	218.0	151.0	483.0	164.0	92.0	138.0	523.0	85.0	138.0	195.0	242.0	192.0	351.0	88.0	470.0	326.0	400.0	294.0	209.0	143.0	270.0	192.0	107.0	325.0	140.0	148.0	88.0	252.0	169.0	116.0	216.0	160.0	143.0	386.0	83.0	153.0	328.0	82.0	196.0	174.0	264.0	304.0	359.0	129.0	223.0	379.0	126.0	19.0	158.0	139.0	232.0	288.0	200.0	344.0	122.0
might	104.0	131.0	218.0	114.0	402.0	176.0	99.0	37.0	330.0	136.0	191.0	230.0	290.0	239.0	340.0	75.0	477.0	446.0	295.0	192.0	189.0	160.0	140.0	254.0	100.0	385.0	256.0	148.0	51.0	372.0	168.0	103.0	62.0	199.0	97.0	340.0	76.0	151.0	306.0	139.0	288.0	220.0	260.0	196.0	478.0	178.0	185.0	418.0	212.0	20.0	252.0	211.0	181.0	397.0	230.0	294.0	151.0
made	343.0	102.0	205.0	98.0	312.0	169.0	114.0	73.0	456.0	80.0	113.0	298.0	186.0	174.0	318.0	79.0	483.0	440.0	460.0	251.0	129.0	164.0	366.0	244.0	105.0	369.0	228.0	155.0	114.0	184.0	155.0	114.0	114.0	246.0	106.0	244.0	75.0	113.0	286.0	107.0	233.0	185.0	255.0	223.0	388.0	189.0	246.0	621.0	126.0	18.0	187.0	140.0	235.0	199.0	266.0	341.0	104.0
himself	285.0	125.0	301.0	200.0	462.0	183.0	217.0	77.0	338.0	38.0	176.0	177.0	139.0	196.0	266.0	156.0	575.0	169.0	332.0	212.0	193.0	68.0	214.0	108.0	174.0	568.0	136.0	121.0	65.0	301.0	125.0	175.0	186.0	319.0	171.0	199.0	97.0	140.0	265.0	125.0	171.0	177.0	197.0	330.0	460.0	172.0	166.0	310.0	231.0	28.0	134.0	298.0	348.0	193.0	335.0	227.0	143.0
too	278.0	136.0	205.0	128.0	262.0	104.0	283.0	136.0	383.0	151.0	138.0	190.0	187.0	117.0	210.0	188.0	351.0	351.0	374.0	237.0	351.0	250.0	301.0	285.0	50.0	226.0	205.0	304.0	90.0	127.0	114.0	259.0	129.0	216.0	130.0	243.0	56.0	123.0	324.0	85.0	247.0	210.0	150.0	445.0	352.0	158.0	273.0	403.0	130.0	10.0	207.0	287.0	147.0	163.0	232.0	288.0	98.0
_	234.0	461.0	0.0	0.0	1078.0	332.0	64.0	1.0	0.0	379.0	0.0	0.0	646.0	2.0	568.0	0.0	20.0	0.0	4.0	0.0	27.0	328.0	0.0	1038.0	131.0	229.0	89.0	143.0	20.0	709.0	148.0	88.0	0.0	41.0	445.0	0.0	102.0	578.0	2.0	207.0	21.0	271.0	9.0	0.0	0.0	0.0	1127.0	0.0	26.0	31.0	237.0	17.0	2.0	721.0	169.0	938.0	264.0
mrs.	52.0	133.0	241.0	0.0	456.0	175.0	62.0	26.0	331.0	39.0	66.0	161.0	420.0	298.0	1160.0	27.0	0.0	4.0	807.0	62.0	223.0	250.0	0.0	153.0	0.0	691.0	0.0	2.0	230.0	239.0	521.0	74.0	11.0	220.0	0.0	446.0	0.0	0.0	304.0	49.0	400.0	405.0	90.0	128.0	0.0	529.0	307.0	669.0	5.0	0.0	170.0	0.0	97.0	533.0	19.0	584.0	76.0
here	570.0	135.0	244.0	84.0	398.0	145.0	172.0	72.0	440.0	32.0	147.0	287.0	310.0	167.0	329.0	114.0	641.0	313.0	246.0	183.0	129.0	195.0	455.0	168.0	71.0	132.0	124.0	152.0	60.0	232.0	175.0	110.0	140.0	216.0	76.0	302.0	63.0	141.0	161.0	39.0	225.0	126.0	268.0	306.0	571.0	156.0	209.0	419.0	133.0	14.0	120.0	205.0	115.0	242.0	239.0	144.0	142.0
our	246.0	112.0	137.0	233.0	245.0	52.0	82.0	34.0	1255.0	122.0	217.0	256.0	101.0	212.0	251.0	92.0	264.0	747.0	318.0	423.0	220.0	99.0	395.0	144.0	78.0	125.0	82.0	208.0	65.0	129.0	105.0	79.0	137.0	33.0	34.0	434.0	12.0	105.0	256.0	36.0	147.0	131.0	267.0	305.0	249.0	145.0	153.0	589.0	269.0	4.0	119.0	181.0	414.0	165.0	35.0	147.0	84.0
two	612.0	108.0	167.0	91.0	415.0	147.0	136.0	63.0	459.0	61.0	118.0	252.0	221.0	131.0	323.0	74.0	367.0	316.0	355.0	262.0	131.0	197.0	455.0	174.0	69.0	240.0	151.0	131.0	109.0	203.0	166.0	139.0	233.0	227.0	78.0	303.0	49.0	76.0	190.0	50.0	162.0	134.0	272.0	380.0	382.0	173.0	213.0	319.0	128.0	10.0	192.0	166.0	170.0	260.0	216.0	151.0	129.0
may	170.0	110.0	221.0	173.0	400.0	191.0	133.0	106.0	401.0	56.0	155.0	166.0	309.0	262.0	341.0	132.0	383.0	287.0	285.0	177.0	215.0	143.0	179.0	131.0	76.0	294.0	179.0	174.0	65.0	297.0	140.0	140.0	85.0	195.0	87.0	261.0	22.0	98.0	227.0	49.0	189.0	308.0	260.0	281.0	401.0	165.0	216.0	360.0	239.0	11.0	199.0	209.0	290.0	353.0	203.0	150.0	149.0
us	326.0	181.0	136.0	199.0	289.0	80.0	101.0	54.0	609.0	61.0	139.0	263.0	148.0	146.0	254.0	106.0	274.0	586.0	189.0	235.0	209.0	124.0	351.0	148.0	78.0	163.0	119.0	296.0	69.0	202.0	197.0	97.0	116.0	93.0	61.0	511.0	43.0	93.0	262.0	62.0	185.0	219.0	321.0	401.0	296.0	136.0	168.0	549.0	255.0	7.0	152.0	187.0	210.0	247.0	117.0	179.0	100.0
miss	59.0	127.0	49.0	5.0	775.0	148.0	68.0	6.0	300.0	182.0	100.0	383.0	524.0	80.0	650.0	22.0	334.0	16.0	1040.0	41.0	81.0	308.0	13.0	149.0	15.0	77.0	341.0	18.0	85.0	108.0	76.0	46.0	5.0	154.0	35.0	604.0	101.0	1.0	70.0	67.0	218.0	402.0	498.0	5.0	677.0	36.0	481.0	710.0	31.0	38.0	65.0	3.0	66.0	73.0	219.0	148.0	195.0
came	509.0	106.0	138.0	80.0	316.0	141.0	85.0	159.0	363.0	58.0	88.0	235.0	341.0	148.0	257.0	68.0	345.0	485.0	413.0	318.0	104.0	173.0	506.0	181.0	31.0	187.0	266.0	115.0	63.0	327.0	128.0	70.0	138.0	124.0	89.0	233.0	83.0	118.0	245.0	65.0	297.0	63.0	232.0	265.0	281.0	113.0	194.0	458.0	71.0	11.0	235.0	89.0	77.0	326.0	95.0	194.0	77.0
thought	209.0	118.0	160.0	138.0	264.0	233.0	143.0	97.0	327.0	96.0	145.0	235.0	276.0	155.0	220.0	127.0	272.0	286.0	376.0	217.0	197.0	255.0	212.0	309.0	84.0	213.0	311.0	143.0	56.0	226.0	99.0	118.0	93.0	149.0	122.0	183.0	47.0	98.0	365.0	83.0	331.0	126.0	143.0	155.0	235.0	204.0	181.0	442.0	135.0	13.0	300.0	138.0	157.0	264.0	216.0	329.0	80.0
way	316.0	80.0	150.0	96.0	632.0	135.0	83.0	100.0	253.0	46.0	63.0	271.0	182.0	105.0	398.0	86.0	482.0	339.0	239.0	159.0	114.0	147.0	238.0	157.0	50.0	217.0	223.0	129.0	60.0	216.0	175.0	103.0	101.0	226.0	76.0	296.0	84.0	119.0	341.0	93.0	220.0	113.0	397.0	167.0	433.0	129.0	180.0	419.0	100.0	6.0	219.0	123.0	112.0	248.0	231.0	283.0	133.0
house	193.0	144.0	187.0	141.0	444.0	214.0	68.0	31.0	444.0	60.0	131.0	183.0	220.0	279.0	484.0	30.0	327.0	164.0	504.0	280.0	67.0	180.0	228.0	129.0	78.0	166.0	187.0	83.0	80.0	143.0	277.0	44.0	196.0	195.0	41.0	552.0	64.0	30.0	201.0	57.0	173.0	146.0	419.0	135.0	338.0	86.0	176.0	428.0	213.0	11.0	163.0	94.0	143.0	332.0	282.0	113.0	87.0
first	299.0	115.0	190.0	125.0	644.0	147.0	89.0	47.0	304.0	44.0	179.0	199.0	155.0	181.0	559.0	71.0	285.0	238.0	239.0	147.0	147.0	183.0	255.0	210.0	35.0	228.0	178.0	165.0	45.0	154.0	281.0	83.0	207.0	157.0	138.0	495.0	48.0	95.0	232.0	60.0	217.0	149.0	346.0	220.0	248.0	127.0	185.0	373.0	131.0	4.0	152.0	132.0	184.0	175.0	152.0	192.0	77.0
back	336.0	121.0	186.0	70.0	658.0	149.0	114.0	67.0	292.0	42.0	45.0	243.0	205.0	143.0	531.0	64.0	352.0	315.0	282.0	201.0	148.0	134.0	311.0	105.0	48.0	154.0	151.0	115.0	44.0	174.0	266.0	77.0	160.0	148.0	89.0	416.0	77.0	69.0	263.0	71.0	184.0	81.0	399.0	266.0	377.0	129.0	119.0	399.0	95.0	13.0	159.0	159.0	82.0	236.0	131.0	181.0	114.0
hand	343.0	94.0	235.0	144.0	410.0	184.0	91.0	25.0	299.0	38.0	92.0	266.0	237.0	212.0	375.0	55.0	511.0	208.0	279.0	202.0	221.0	182.0	455.0	233.0	48.0	162.0	106.0	66.0	64.0	173.0	201.0	69.0	119.0	102.0	95.0	280.0	41.0	58.0	204.0	62.0	135.0	154.0	231.0	225.0	464.0	182.0	207.0	503.0	169.0	11.0	125.0	130.0	153.0	157.0	106.0	168.0	136.0
great	322.0	63.0	202.0	88.0	186.0	116.0	99.0	189.0	530.0	55.0	355.0	196.0	99.0	137.0	94.0	86.0	423.0	485.0	626.0	411.0	62.0	118.0	321.0	136.0	78.0	219.0	137.0	170.0	132.0	145.0	72.0	94.0	202.0	126.0	77.0	112.0	25.0	134.0	209.0	39.0	179.0	188.0	117.0	331.0	215.0	100.0	119.0	404.0	152.0	16.0	83.0	183.0	249.0	188.0	162.0	205.0	72.0
young	140.0	107.0	311.0	131.0	241.0	254.0	38.0	28.0	975.0	67.0	104.0	153.0	152.0	202.0	159.0	78.0	376.0	232.0	553.0	405.0	92.0	81.0	281.0	115.0	41.0	218.0	131.0	96.0	74.0	138.0	58.0	80.0	220.0	156.0	91.0	88.0	100.0	57.0	211.0	49.0	103.0	255.0	127.0	181.0	338.0	396.0	168.0	286.0	136.0	34.0	113.0	139.0	145.0	180.0	156.0	154.0	150.0
shall	376.0	195.0	248.0	183.0	309.0	187.0	176.0	54.0	261.0	73.0	123.0	102.0	244.0	102.0	264.0	100.0	268.0	214.0	153.0	152.0	245.0	240.0	360.0	129.0	50.0	159.0	137.0	183.0	37.0	269.0	221.0	127.0	71.0	79.0	105.0	219.0	43.0	83.0	173.0	44.0	200.0	302.0	176.0	296.0	295.0	180.0	305.0	241.0	155.0	3.0	102.0	223.0	162.0	265.0	133.0	203.0	80.0
(	160.0	32.0	146.0	140.0	607.0	34.0	71.0	122.0	498.0	57.0	3.0	250.0	2.0	106.0	280.0	49.0	509.0	924.0	480.0	338.0	98.0	134.0	121.0	206.0	15.0	5.0	187.0	63.0	149.0	39.0	77.0	153.0	102.0	11.0	57.0	327.0	2.0	27.0	17.0	15.0	93.0	51.0	486.0	542.0	453.0	45.0	156.0	496.0	116.0	1.0	314.0	11.0	282.0	33.0	13.0	43.0	198.0
lady	38.0	68.0	107.0	19.0	214.0	792.0	29.0	66.0	871.0	54.0	442.0	61.0	800.0	93.0	163.0	18.0	227.0	81.0	764.0	589.0	132.0	94.0	89.0	97.0	27.0	112.0	40.0	34.0	146.0	372.0	83.0	50.0	6.0	33.0	70.0	404.0	12.0	19.0	46.0	13.0	76.0	307.0	399.0	157.0	355.0	324.0	117.0	131.0	31.0	21.0	19.0	48.0	86.0	101.0	230.0	57.0	71.0
went	339.0	88.0	113.0	32.0	312.0	98.0	137.0	120.0	247.0	53.0	48.0	290.0	245.0	108.0	202.0	62.0	324.0	309.0	380.0	197.0	98.0	144.0	412.0	142.0	42.0	251.0	215.0	143.0	55.0	256.0	76.0	119.0	132.0	102.0	78.0	247.0	107.0	67.0	217.0	53.0	259.0	46.0	300.0	309.0	243.0	142.0	117.0	549.0	45.0	17.0	215.0	138.0	51.0	376.0	134.0	171.0	54.0
last	263.0	105.0	231.0	142.0	455.0	167.0	201.0	93.0	223.0	58.0	121.0	184.0	120.0	121.0	388.0	102.0	248.0	210.0	183.0	119.0	173.0	174.0	252.0	170.0	55.0	193.0	172.0	166.0	40.0	125.0	218.0	121.0	160.0	212.0	113.0	332.0	48.0	61.0	259.0	61.0	212.0	111.0	265.0	304.0	217.0	93.0	150.0	260.0	144.0	8.0	203.0	199.0	134.0	145.0	181.0	195.0	91.0
)	166.0	30.0	136.0	129.0	599.0	35.0	69.0	123.0	485.0	55.0	3.0	250.0	2.0	102.0	274.0	47.0	507.0	916.0	465.0	331.0	97.0	129.0	126.0	190.0	13.0	5.0	176.0	62.0	132.0	39.0	73.0	152.0	102.0	11.0	56.0	321.0	1.0	27.0	17.0	15.0	93.0	48.0	478.0	541.0	453.0	43.0	144.0	492.0	113.0	1.0	307.0	10.0	259.0	33.0	10.0	43.0	198.0
room	112.0	101.0	160.0	40.0	391.0	252.0	74.0	17.0	244.0	49.0	115.0	176.0	332.0	167.0	495.0	38.0	390.0	74.0	381.0	146.0	166.0	260.0	121.0	164.0	68.0	205.0	216.0	84.0	64.0	189.0	408.0	38.0	83.0	141.0	123.0	408.0	73.0	30.0	108.0	16.0	270.0	248.0	415.0	60.0	200.0	72.0	148.0	366.0	67.0	12.0	144.0	84.0	87.0	378.0	212.0	139.0	67.0
where	247.0	122.0	160.0	78.0	184.0	113.0	124.0	97.0	364.0	50.0	111.0	196.0	198.0	137.0	160.0	87.0	338.0	324.0	358.0	287.0	135.0	224.0	301.0	191.0	34.0	77.0	159.0	113.0	72.0	180.0	143.0	97.0	135.0	181.0	57.0	188.0	86.0	89.0	276.0	93.0	196.0	105.0	126.0	286.0	314.0	182.0	187.0	394.0	95.0	15.0	250.0	149.0	128.0	246.0	101.0	228.0	99.0
away	229.0	87.0	139.0	93.0	272.0	248.0	108.0	148.0	356.0	53.0	50.0	158.0	236.0	173.0	262.0	87.0	341.0	324.0	343.0	251.0	212.0	147.0	236.0	125.0	32.0	135.0	204.0	99.0	42.0	181.0	233.0	97.0	162.0	114.0	73.0	257.0	49.0	57.0	275.0	90.0	237.0	62.0	149.0	265.0	255.0	113.0	118.0	438.0	128.0	3.0	178.0	144.0	102.0	215.0	106.0	248.0	76.0
eyes	281.0	116.0	210.0	191.0	294.0	155.0	95.0	57.0	251.0	42.0	53.0	178.0	231.0	167.0	281.0	72.0	344.0	287.0	214.0	187.0	144.0	186.0	331.0	220.0	32.0	122.0	199.0	130.0	40.0	153.0	214.0	101.0	42.0	59.0	72.0	234.0	91.0	46.0	250.0	66.0	195.0	219.0	160.0	201.0	439.0	218.0	188.0	349.0	137.0	16.0	171.0	161.0	131.0	205.0	57.0	228.0	89.0
face	257.0	101.0	183.0	137.0	385.0	260.0	151.0	36.0	259.0	36.0	48.0	162.0	311.0	158.0	325.0	89.0	328.0	152.0	228.0	170.0	161.0	190.0	313.0	139.0	37.0	109.0	202.0	113.0	40.0	194.0	225.0	112.0	51.0	84.0	80.0	321.0	52.0	45.0	237.0	49.0	217.0	67.0	177.0	188.0	378.0	146.0	187.0	438.0	96.0	10.0	172.0	159.0	136.0	262.0	90.0	172.0	116.0
its	160.0	159.0	177.0	398.0	175.0	131.0	87.0	43.0	138.0	71.0	249.0	151.0	214.0	514.0	243.0	120.0	420.0	114.0	113.0	74.0	165.0	319.0	197.0	411.0	53.0	114.0	136.0	124.0	16.0	182.0	119.0	103.0	45.0	62.0	85.0	142.0	46.0	192.0	155.0	72.0	98.0	179.0	119.0	152.0	302.0	117.0	303.0	261.0	317.0	7.0	146.0	195.0	210.0	204.0	50.0	155.0	164.0
tell	235.0	122.0	100.0	76.0	329.0	192.0	139.0	73.0	261.0	70.0	72.0	151.0	214.0	124.0	280.0	87.0	260.0	296.0	147.0	73.0	247.0	148.0	254.0	128.0	60.0	212.0	189.0	144.0	49.0	226.0	191.0	138.0	66.0	301.0	71.0	231.0	50.0	49.0	205.0	60.0	180.0	141.0	216.0	210.0	310.0	138.0	146.0	219.0	91.0	24.0	256.0	144.0	89.0	302.0	362.0	176.0	63.0
long	231.0	97.0	150.0	126.0	212.0	185.0	132.0	104.0	227.0	86.0	116.0	174.0	117.0	134.0	190.0	84.0	327.0	332.0	225.0	133.0	184.0	246.0	277.0	243.0	53.0	143.0	188.0	135.0	37.0	95.0	132.0	132.0	108.0	182.0	131.0	188.0	54.0	80.0	251.0	87.0	210.0	139.0	99.0	293.0	203.0	72.0	219.0	397.0	157.0	14.0	227.0	134.0	247.0	158.0	204.0	199.0	67.0
life	181.0	55.0	259.0	169.0	290.0	205.0	91.0	35.0	311.0	44.0	214.0	122.0	134.0	394.0	244.0	101.0	269.0	213.0	262.0	200.0	133.0	158.0	210.0	175.0	34.0	179.0	157.0	159.0	45.0	92.0	102.0	133.0	76.0	95.0	169.0	208.0	88.0	92.0	222.0	97.0	216.0	103.0	160.0	182.0	231.0	115.0	182.0	303.0	264.0	24.0	158.0	140.0	195.0	163.0	108.0	271.0	84.0
take	305.0	114.0	171.0	69.0	307.0	133.0	102.0	41.0	311.0	71.0	73.0	173.0	229.0	86.0	299.0	69.0	294.0	222.0	265.0	154.0	193.0	151.0	273.0	150.0	48.0	182.0	149.0	103.0	67.0	273.0	135.0	89.0	99.0	210.0	78.0	218.0	61.0	78.0	240.0	73.0	190.0	128.0	198.0	193.0	404.0	114.0	229.0	330.0	69.0	11.0	132.0	118.0	91.0	259.0	192.0	181.0	118.0
make	275.0	105.0	117.0	50.0	240.0	89.0	102.0	81.0	245.0	88.0	82.0	158.0	128.0	76.0	218.0	84.0	305.0	279.0	208.0	122.0	185.0	148.0	218.0	138.0	73.0	253.0	155.0	116.0	62.0	178.0	150.0	135.0	110.0	203.0	85.0	233.0	51.0	88.0	328.0	104.0	177.0	181.0	166.0	199.0	355.0	141.0	218.0	306.0	86.0	10.0	142.0	162.0	135.0	196.0	290.0	285.0	74.0
ever	171.0	69.0	191.0	145.0	198.0	138.0	116.0	92.0	425.0	51.0	97.0	195.0	165.0	107.0	169.0	91.0	310.0	323.0	240.0	233.0	124.0	159.0	221.0	124.0	59.0	208.0	148.0	182.0	68.0	149.0	107.0	154.0	93.0	90.0	86.0	186.0	48.0	67.0	197.0	56.0	157.0	209.0	144.0	208.0	281.0	87.0	165.0	455.0	149.0	12.0	156.0	160.0	143.0	157.0	140.0	166.0	66.0
yet	146.0	104.0	245.0	295.0	209.0	62.0	126.0	63.0	150.0	65.0	172.0	122.0	111.0	247.0	154.0	125.0	217.0	417.0	125.0	75.0	142.0	242.0	214.0	325.0	55.0	266.0	198.0	186.0	24.0	106.0	91.0	107.0	55.0	102.0	133.0	152.0	54.0	96.0	166.0	36.0	210.0	155.0	91.0	250.0	229.0	72.0	266.0	199.0	293.0	11.0	227.0	229.0	221.0	103.0	118.0	104.0	75.0
poor	319.0	52.0	255.0	86.0	90.0	161.0	134.0	101.0	499.0	51.0	10.0	77.0	118.0	80.0	98.0	190.0	261.0	212.0	427.0	275.0	69.0	65.0	475.0	52.0	71.0	128.0	138.0	198.0	77.0	97.0	57.0	196.0	71.0	215.0	39.0	148.0	75.0	72.0	221.0	46.0	198.0	233.0	128.0	294.0	247.0	145.0	103.0	186.0	149.0	17.0	267.0	171.0	125.0	97.0	183.0	202.0	72.0
look	293.0	99.0	133.0	43.0	287.0	117.0	104.0	62.0	270.0	40.0	56.0	195.0	155.0	87.0	236.0	76.0	329.0	277.0	209.0	145.0	154.0	154.0	225.0	180.0	34.0	129.0	146.0	108.0	45.0	156.0	196.0	96.0	91.0	86.0	102.0	228.0	64.0	39.0	291.0	70.0	184.0	153.0	161.0	172.0	425.0	169.0	198.0	314.0	109.0	8.0	151.0	115.0	108.0	186.0	110.0	255.0	91.0
father	92.0	127.0	219.0	46.0	260.0	134.0	69.0	8.0	250.0	53.0	102.0	69.0	144.0	51.0	305.0	68.0	466.0	157.0	321.0	293.0	82.0	56.0	276.0	74.0	139.0	36.0	158.0	57.0	19.0	137.0	62.0	89.0	38.0	746.0	61.0	85.0	9.0	57.0	105.0	144.0	379.0	197.0	85.0	147.0	301.0	259.0	64.0	122.0	137.0	5.0	288.0	144.0	108.0	155.0	198.0	433.0	17.0
those	169.0	73.0	203.0	221.0	193.0	111.0	118.0	50.0	338.0	50.0	120.0	123.0	121.0	270.0	232.0	153.0	186.0	154.0	305.0	165.0	147.0	96.0	226.0	108.0	96.0	245.0	98.0	260.0	60.0	123.0	119.0	143.0	83.0	149.0	114.0	200.0	77.0	96.0	149.0	48.0	116.0	153.0	147.0	382.0	178.0	101.0	145.0	201.0	158.0	22.0	123.0	285.0	215.0	147.0	130.0	144.0	50.0
nothing	211.0	109.0	122.0	65.0	357.0	102.0	98.0	57.0	158.0	63.0	127.0	175.0	216.0	70.0	300.0	74.0	384.0	276.0	120.0	81.0	196.0	164.0	141.0	142.0	91.0	246.0	80.0	122.0	25.0	211.0	156.0	111.0	56.0	161.0	69.0	288.0	56.0	103.0	239.0	83.0	110.0	118.0	240.0	147.0	294.0	159.0	197.0	330.0	101.0	9.0	69.0	108.0	111.0	282.0	209.0	208.0	89.0
without	220.0	61.0	166.0	115.0	346.0	89.0	87.0	39.0	196.0	80.0	182.0	154.0	103.0	171.0	270.0	78.0	351.0	395.0	188.0	82.0	187.0	141.0	165.0	139.0	92.0	199.0	125.0	113.0	28.0	132.0	122.0	86.0	76.0	138.0	101.0	210.0	76.0	105.0	206.0	91.0	134.0	221.0	178.0	186.0	243.0	110.0	131.0	319.0	173.0	10.0	116.0	146.0	152.0	136.0	169.0	260.0	80.0
looked	224.0	75.0	151.0	39.0	462.0	208.0	112.0	111.0	165.0	31.0	90.0	323.0	177.0	92.0	406.0	53.0	366.0	244.0	201.0	130.0	96.0	221.0	211.0	180.0	53.0	116.0	143.0	92.0	45.0	154.0	180.0	79.0	86.0	51.0	75.0	326.0	39.0	58.0	228.0	57.0	148.0	91.0	270.0	142.0	305.0	117.0	184.0	377.0	78.0	18.0	138.0	100.0	67.0	195.0	70.0	167.0	41.0
these	444.0	48.0	112.0	202.0	169.0	123.0	56.0	30.0	316.0	61.0	184.0	141.0	95.0	135.0	246.0	76.0	317.0	251.0	336.0	211.0	105.0	157.0	413.0	275.0	80.0	143.0	108.0	101.0	67.0	85.0	122.0	66.0	59.0	108.0	83.0	222.0	57.0	70.0	110.0	50.0	150.0	130.0	144.0	169.0	257.0	108.0	233.0	286.0	188.0	12.0	93.0	138.0	201.0	123.0	83.0	128.0	92.0
let	314.0	140.0	130.0	103.0	329.0	110.0	138.0	48.0	219.0	42.0	34.0	136.0	161.0	83.0	260.0	64.0	281.0	247.0	174.0	84.0	176.0	130.0	335.0	114.0	56.0	130.0	119.0	140.0	57.0	156.0	150.0	130.0	101.0	136.0	73.0	250.0	39.0	70.0	209.0	82.0	157.0	187.0	207.0	264.0	280.0	146.0	184.0	196.0	133.0	11.0	116.0	174.0	98.0	167.0	166.0	207.0	87.0
being	162.0	118.0	60.0	43.0	181.0	52.0	69.0	59.0	263.0	60.0	114.0	261.0	147.0	99.0	107.0	44.0	497.0	586.0	194.0	187.0	93.0	125.0	259.0	197.0	44.0	114.0	105.0	80.0	41.0	141.0	87.0	91.0	96.0	105.0	63.0	168.0	22.0	60.0	145.0	70.0	139.0	173.0	189.0	205.0	507.0	91.0	195.0	542.0	70.0	6.0	117.0	124.0	140.0	146.0	101.0	181.0	171.0
night	178.0	104.0	118.0	113.0	304.0	170.0	90.0	36.0	229.0	13.0	77.0	209.0	237.0	140.0	246.0	86.0	308.0	162.0	244.0	144.0	79.0	220.0	186.0	241.0	19.0	103.0	172.0	85.0	46.0	194.0	99.0	85.0	81.0	192.0	63.0	204.0	64.0	41.0	169.0	42.0	145.0	72.0	226.0	205.0	309.0	164.0	234.0	371.0	135.0	4.0	274.0	111.0	117.0	296.0	97.0	52.0	99.0
though	109.0	121.0	171.0	79.0	88.0	59.0	75.0	68.0	334.0	85.0	213.0	132.0	152.0	164.0	37.0	68.0	325.0	358.0	223.0	228.0	193.0	135.0	154.0	149.0	109.0	284.0	143.0	109.0	64.0	131.0	39.0	138.0	80.0	281.0	88.0	44.0	46.0	104.0	148.0	77.0	165.0	220.0	40.0	205.0	279.0	127.0	158.0	264.0	188.0	14.0	181.0	95.0	233.0	122.0	278.0	146.0	99.0
'll	198.0	355.0	59.0	7.0	221.0	104.0	133.0	17.0	76.0	34.0	4.0	164.0	110.0	2.0	128.0	70.0	253.0	16.0	135.0	65.0	175.0	76.0	179.0	21.0	53.0	220.0	138.0	150.0	84.0	284.0	20.0	176.0	168.0	589.0	50.0	31.0	34.0	47.0	452.0	165.0	200.0	15.0	67.0	169.0	451.0	178.0	118.0	269.0	38.0	3.0	311.0	35.0	51.0	172.0	686.0	323.0	64.0
why	363.0	93.0	157.0	107.0	175.0	109.0	161.0	106.0	368.0	39.0	83.0	121.0	210.0	87.0	102.0	139.0	277.0	102.0	152.0	90.0	116.0	99.0	393.0	91.0	77.0	203.0	113.0	144.0	35.0	171.0	71.0	162.0	79.0	294.0	61.0	141.0	29.0	98.0	180.0	68.0	112.0	69.0	111.0	210.0	314.0	159.0	121.0	228.0	128.0	8.0	114.0	268.0	130.0	211.0	213.0	171.0	73.0
mind	147.0	75.0	113.0	64.0	367.0	106.0	83.0	27.0	192.0	46.0	83.0	157.0	164.0	240.0	330.0	61.0	314.0	163.0	122.0	70.0	138.0	122.0	197.0	106.0	48.0	179.0	143.0	128.0	30.0	152.0	113.0	64.0	73.0	183.0	78.0	280.0	84.0	76.0	237.0	84.0	141.0	86.0	248.0	129.0	302.0	134.0	152.0	326.0	157.0	12.0	167.0	80.0	136.0	163.0	223.0	292.0	111.0
still	139.0	99.0	230.0	156.0	325.0	116.0	107.0	60.0	151.0	67.0	83.0	154.0	107.0	258.0	218.0	63.0	244.0	138.0	164.0	94.0	194.0	246.0	180.0	230.0	74.0	226.0	184.0	108.0	39.0	93.0	177.0	85.0	54.0	179.0	93.0	246.0	55.0	83.0	184.0	49.0	138.0	113.0	163.0	219.0	220.0	97.0	223.0	276.0	146.0	7.0	200.0	131.0	102.0	107.0	160.0	161.0	79.0
heart	330.0	81.0	205.0	155.0	138.0	89.0	119.0	18.0	233.0	60.0	63.0	89.0	175.0	195.0	138.0	91.0	202.0	237.0	238.0	154.0	151.0	171.0	369.0	180.0	54.0	248.0	206.0	123.0	50.0	95.0	121.0	121.0	61.0	103.0	100.0	162.0	96.0	54.0	172.0	34.0	177.0	232.0	73.0	192.0	130.0	174.0	204.0	251.0	230.0	9.0	257.0	132.0	152.0	119.0	78.0	114.0	32.0
mother	45.0	39.0	228.0	24.0	206.0	72.0	81.0	41.0	614.0	130.0	25.0	43.0	119.0	92.0	102.0	43.0	320.0	590.0	250.0	231.0	163.0	57.0	231.0	114.0	7.0	214.0	216.0	115.0	45.0	112.0	112.0	64.0	48.0	65.0	72.0	152.0	18.0	26.0	301.0	48.0	375.0	362.0	71.0	179.0	86.0	64.0	149.0	437.0	10.0	39.0	245.0	67.0	39.0	188.0	177.0	219.0	21.0
even	157.0	49.0	183.0	159.0	185.0	105.0	107.0	60.0	176.0	73.0	229.0	130.0	73.0	199.0	118.0	97.0	285.0	608.0	153.0	94.0	128.0	119.0	208.0	148.0	65.0	205.0	182.0	155.0	19.0	60.0	88.0	115.0	34.0	135.0	125.0	178.0	58.0	71.0	139.0	68.0	206.0	168.0	130.0	218.0	208.0	64.0	137.0	232.0	213.0	12.0	154.0	240.0	212.0	60.0	128.0	180.0	93.0
dear	89.0	28.0	139.0	34.0	215.0	117.0	87.0	76.0	538.0	37.0	59.0	209.0	80.0	52.0	226.0	37.0	433.0	222.0	415.0	167.0	86.0	30.0	155.0	52.0	61.0	152.0	120.0	64.0	79.0	77.0	98.0	75.0	29.0	45.0	73.0	116.0	25.0	47.0	71.0	28.0	115.0	344.0	127.0	134.0	663.0	220.0	94.0	568.0	50.0	30.0	100.0	48.0	125.0	75.0	148.0	117.0	160.0
head	239.0	91.0	115.0	74.0	236.0	116.0	84.0	85.0	211.0	26.0	79.0	231.0	169.0	58.0	214.0	72.0	382.0	180.0	172.0	134.0	104.0	135.0	308.0	128.0	21.0	109.0	95.0	78.0	42.0	228.0	131.0	74.0	113.0	77.0	65.0	156.0	40.0	58.0	173.0	66.0	107.0	76.0	141.0	236.0	437.0	111.0	152.0	488.0	70.0	10.0	121.0	118.0	76.0	170.0	83.0	168.0	99.0
once	139.0	76.0	158.0	138.0	345.0	98.0	134.0	69.0	151.0	49.0	125.0	153.0	143.0	136.0	288.0	90.0	207.0	191.0	213.0	121.0	119.0	184.0	144.0	227.0	36.0	176.0	137.0	97.0	52.0	110.0	104.0	94.0	67.0	109.0	108.0	276.0	70.0	67.0	113.0	42.0	115.0	103.0	142.0	194.0	167.0	95.0	201.0	210.0	172.0	6.0	136.0	141.0	173.0	101.0	152.0	148.0	78.0
every	221.0	82.0	127.0	95.0	150.0	156.0	129.0	78.0	213.0	51.0	233.0	95.0	58.0	94.0	146.0	144.0	206.0	288.0	278.0	92.0	96.0	102.0	187.0	89.0	46.0	139.0	175.0	241.0	68.0	104.0	102.0	149.0	120.0	110.0	77.0	156.0	21.0	69.0	148.0	59.0	173.0	250.0	69.0	303.0	147.0	89.0	138.0	212.0	129.0	9.0	189.0	224.0	132.0	106.0	116.0	128.0	34.0
put	305.0	85.0	108.0	28.0	285.0	65.0	72.0	79.0	161.0	28.0	25.0	242.0	217.0	60.0	287.0	48.0	318.0	163.0	197.0	125.0	81.0	138.0	303.0	117.0	64.0	199.0	112.0	76.0	36.0	224.0	109.0	61.0	73.0	164.0	49.0	191.0	47.0	59.0	192.0	53.0	109.0	82.0	250.0	115.0	302.0	87.0	114.0	321.0	41.0	12.0	129.0	61.0	52.0	280.0	189.0	162.0	83.0
most	98.0	35.0	108.0	139.0	144.0	110.0	62.0	75.0	382.0	70.0	209.0	119.0	108.0	159.0	138.0	86.0	233.0	245.0	396.0	176.0	123.0	98.0	134.0	142.0	70.0	160.0	115.0	97.0	78.0	92.0	108.0	89.0	88.0	140.0	117.0	215.0	48.0	85.0	108.0	22.0	87.0	308.0	138.0	179.0	195.0	65.0	175.0	232.0	163.0	10.0	74.0	158.0	192.0	107.0	160.0	105.0	56.0
through	182.0	86.0	170.0	134.0	251.0	137.0	107.0	49.0	148.0	42.0	68.0	124.0	123.0	280.0	224.0	92.0	291.0	265.0	156.0	89.0	96.0	142.0	203.0	205.0	44.0	146.0	161.0	136.0	29.0	162.0	111.0	73.0	112.0	120.0	65.0	190.0	55.0	79.0	144.0	33.0	121.0	99.0	126.0	239.0	228.0	112.0	169.0	235.0	117.0	6.0	113.0	153.0	157.0	141.0	100.0	116.0	63.0
off	300.0	128.0	128.0	29.0	159.0	90.0	111.0	91.0	251.0	25.0	26.0	184.0	211.0	36.0	120.0	88.0	247.0	186.0	313.0	126.0	54.0	116.0	246.0	62.0	34.0	153.0	116.0	112.0	58.0	225.0	55.0	119.0	164.0	145.0	55.0	93.0	53.0	70.0	205.0	78.0	162.0	63.0	152.0	294.0	267.0	135.0	113.0	258.0	60.0	14.0	171.0	129.0	75.0	182.0	170.0	180.0	97.0
mr	16.0	5.0	10.0	0.0	10.0	7.0	4.0	0.0	7.0	1.0	4.0	11.0	15.0	0.0	15.0	0.0	2360.0	0.0	8.0	10.0	4.0	4.0	0.0	0.0	419.0	11.0	1171.0	2.0	12.0	14.0	3.0	2.0	0.0	6.0	207.0	9.0	52.0	0.0	3.0	0.0	3.0	10.0	14.0	2.0	2641.0	2.0	10.0	0.0	1.0	56.0	2.0	0.0	0.0	8.0	404.0	4.0	6.0
love	121.0	90.0	264.0	251.0	121.0	101.0	79.0	4.0	330.0	37.0	25.0	57.0	163.0	179.0	92.0	110.0	141.0	274.0	209.0	178.0	190.0	153.0	260.0	99.0	61.0	269.0	159.0	72.0	67.0	31.0	102.0	92.0	27.0	87.0	81.0	86.0	33.0	83.0	273.0	40.0	100.0	151.0	50.0	169.0	151.0	248.0	186.0	259.0	225.0	4.0	155.0	100.0	239.0	33.0	123.0	181.0	43.0
left	178.0	72.0	152.0	99.0	401.0	169.0	81.0	43.0	162.0	34.0	63.0	142.0	155.0	159.0	420.0	50.0	224.0	184.0	186.0	109.0	123.0	143.0	208.0	120.0	44.0	134.0	115.0	69.0	51.0	163.0	132.0	44.0	80.0	145.0	59.0	382.0	28.0	44.0	108.0	39.0	115.0	153.0	254.0	169.0	180.0	99.0	118.0	227.0	116.0	5.0	131.0	78.0	107.0	152.0	133.0	102.0	46.0
while	205.0	114.0	127.0	120.0	163.0	100.0	155.0	55.0	88.0	54.0	74.0	198.0	80.0	121.0	145.0	81.0	208.0	265.0	135.0	34.0	182.0	166.0	177.0	157.0	43.0	146.0	170.0	137.0	27.0	86.0	144.0	135.0	101.0	37.0	119.0	187.0	32.0	90.0	234.0	81.0	133.0	112.0	89.0	396.0	203.0	112.0	135.0	257.0	94.0	6.0	189.0	210.0	154.0	68.0	66.0	219.0	56.0
just	170.0	76.0	123.0	47.0	234.0	65.0	147.0	90.0	184.0	53.0	69.0	85.0	184.0	99.0	156.0	115.0	165.0	156.0	150.0	70.0	146.0	161.0	166.0	165.0	35.0	134.0	168.0	233.0	39.0	234.0	152.0	133.0	160.0	161.0	65.0	193.0	43.0	58.0	188.0	47.0	238.0	93.0	167.0	181.0	129.0	130.0	167.0	143.0	62.0	8.0	159.0	120.0	83.0	204.0	185.0	137.0	62.0
took	266.0	96.0	123.0	43.0	291.0	107.0	54.0	51.0	255.0	37.0	51.0	241.0	174.0	97.0	277.0	29.0	276.0	217.0	306.0	186.0	78.0	123.0	275.0	159.0	30.0	109.0	98.0	58.0	39.0	176.0	110.0	54.0	48.0	95.0	80.0	189.0	50.0	61.0	122.0	41.0	143.0	74.0	203.0	123.0	260.0	105.0	143.0	338.0	41.0	8.0	129.0	54.0	85.0	182.0	60.0	103.0	54.0
place	150.0	74.0	102.0	97.0	395.0	151.0	60.0	59.0	220.0	37.0	70.0	143.0	133.0	115.0	322.0	43.0	285.0	181.0	277.0	137.0	94.0	106.0	160.0	91.0	51.0	136.0	115.0	49.0	54.0	151.0	188.0	54.0	74.0	145.0	56.0	301.0	39.0	94.0	118.0	41.0	141.0	92.0	250.0	132.0	196.0	46.0	96.0	247.0	90.0	10.0	112.0	76.0	84.0	145.0	113.0	87.0	72.0
door	205.0	133.0	164.0	87.0	324.0	164.0	48.0	16.0	125.0	23.0	25.0	142.0	167.0	93.0	356.0	25.0	320.0	96.0	153.0	66.0	86.0	181.0	224.0	167.0	25.0	78.0	120.0	58.0	41.0	170.0	244.0	38.0	87.0	131.0	82.0	259.0	63.0	25.0	139.0	76.0	126.0	113.0	226.0	72.0	269.0	55.0	122.0	266.0	77.0	13.0	154.0	66.0	92.0	189.0	135.0	91.0	64.0
saw	226.0	80.0	152.0	81.0	215.0	75.0	93.0	128.0	175.0	38.0	37.0	250.0	205.0	132.0	160.0	55.0	198.0	210.0	148.0	122.0	105.0	187.0	262.0	200.0	18.0	87.0	170.0	106.0	37.0	108.0	73.0	67.0	40.0	70.0	72.0	262.0	33.0	41.0	161.0	35.0	150.0	59.0	169.0	159.0	158.0	134.0	135.0	404.0	96.0	9.0	148.0	114.0	81.0	167.0	64.0	109.0	34.0
oh	388.0	104.0	96.0	114.0	111.0	52.0	103.0	48.0	223.0	65.0	25.0	57.0	234.0	70.0	82.0	76.0	161.0	166.0	83.0	54.0	125.0	113.0	486.0	72.0	69.0	272.0	206.0	124.0	24.0	142.0	107.0	93.0	52.0	163.0	98.0	84.0	34.0	17.0	65.0	30.0	223.0	124.0	68.0	134.0	245.0	161.0	71.0	362.0	52.0	13.0	218.0	115.0	78.0	145.0	161.0	232.0	1.0
another	276.0	85.0	111.0	82.0	216.0	74.0	61.0	41.0	193.0	41.0	53.0	161.0	166.0	93.0	200.0	46.0	313.0	203.0	128.0	104.0	131.0	113.0	298.0	105.0	52.0	138.0	68.0	66.0	32.0	129.0	81.0	64.0	149.0	90.0	58.0	145.0	39.0	65.0	136.0	37.0	103.0	75.0	153.0	168.0	368.0	92.0	114.0	325.0	87.0	9.0	116.0	93.0	120.0	144.0	121.0	117.0	100.0
better	168.0	82.0	114.0	28.0	140.0	85.0	105.0	42.0	271.0	67.0	37.0	130.0	136.0	50.0	154.0	78.0	277.0	173.0	150.0	141.0	191.0	122.0	188.0	115.0	49.0	154.0	105.0	68.0	33.0	171.0	72.0	97.0	53.0	136.0	48.0	137.0	25.0	57.0	248.0	47.0	134.0	86.0	73.0	199.0	295.0	98.0	185.0	264.0	92.0	10.0	110.0	123.0	107.0	217.0	142.0	173.0	94.0
home	200.0	91.0	105.0	45.0	119.0	78.0	85.0	31.0	419.0	64.0	77.0	138.0	228.0	84.0	101.0	59.0	180.0	205.0	219.0	132.0	109.0	79.0	155.0	121.0	30.0	105.0	142.0	87.0	36.0	227.0	33.0	86.0	75.0	126.0	209.0	73.0	43.0	39.0	188.0	57.0	128.0	83.0	30.0	194.0	228.0	59.0	152.0	315.0	95.0	8.0	218.0	51.0	62.0	311.0	73.0	180.0	48.0
men	333.0	11.0	146.0	86.0	151.0	65.0	132.0	71.0	262.0	12.0	115.0	51.0	66.0	110.0	63.0	121.0	119.0	359.0	200.0	134.0	31.0	32.0	321.0	35.0	120.0	248.0	35.0	240.0	45.0	31.0	24.0	129.0	85.0	131.0	149.0	104.0	12.0	60.0	150.0	61.0	163.0	33.0	81.0	487.0	101.0	148.0	123.0	62.0	164.0	3.0	132.0	220.0	152.0	138.0	53.0	108.0	43.0
enough	115.0	56.0	78.0	61.0	271.0	70.0	139.0	64.0	191.0	48.0	23.0	70.0	93.0	76.0	234.0	84.0	160.0	255.0	107.0	128.0	143.0	107.0	106.0	87.0	46.0	119.0	118.0	167.0	24.0	96.0	104.0	183.0	78.0	137.0	23.0	254.0	53.0	33.0	206.0	59.0	159.0	80.0	170.0	354.0	199.0	62.0	104.0	153.0	79.0	1.0	173.0	198.0	55.0	110.0	186.0	148.0	42.0
many	188.0	33.0	99.0	65.0	87.0	39.0	100.0	77.0	301.0	69.0	157.0	91.0	96.0	94.0	80.0	79.0	270.0	256.0	286.0	192.0	87.0	68.0	240.0	96.0	42.0	132.0	157.0	96.0	61.0	100.0	52.0	103.0	71.0	100.0	97.0	83.0	17.0	84.0	107.0	46.0	173.0	119.0	70.0	237.0	209.0	64.0	109.0	246.0	89.0	3.0	235.0	110.0	124.0	141.0	86.0	128.0	65.0
give	256.0	68.0	97.0	101.0	203.0	91.0	73.0	29.0	230.0	55.0	71.0	87.0	125.0	66.0	168.0	63.0	189.0	116.0	199.0	122.0	131.0	128.0	181.0	108.0	62.0	173.0	104.0	87.0	52.0	136.0	114.0	71.0	68.0	160.0	40.0	142.0	26.0	78.0	140.0	47.0	165.0	122.0	92.0	143.0	219.0	110.0	189.0	174.0	56.0	3.0	129.0	94.0	94.0	187.0	192.0	166.0	53.0
done	176.0	62.0	78.0	28.0	197.0	95.0	79.0	28.0	156.0	69.0	41.0	209.0	177.0	55.0	161.0	45.0	241.0	229.0	91.0	79.0	119.0	74.0	168.0	92.0	80.0	204.0	120.0	75.0	24.0	211.0	77.0	85.0	68.0	146.0	57.0	154.0	30.0	48.0	170.0	56.0	126.0	87.0	194.0	145.0	277.0	120.0	87.0	263.0	57.0	1.0	138.0	76.0	54.0	208.0	193.0	130.0	54.0
myself	56.0	113.0	61.0	52.0	339.0	63.0	60.0	6.0	152.0	98.0	63.0	232.0	98.0	205.0	212.0	54.0	240.0	264.0	34.0	33.0	276.0	185.0	81.0	192.0	23.0	69.0	66.0	199.0	18.0	89.0	91.0	68.0	12.0	54.0	12.0	374.0	16.0	35.0	70.0	27.0	91.0	77.0	295.0	66.0	241.0	49.0	108.0	542.0	106.0	0.0	30.0	91.0	92.0	93.0	111.0	61.0	68.0
found	264.0	48.0	121.0	71.0	212.0	90.0	84.0	65.0	213.0	37.0	82.0	147.0	75.0	149.0	188.0	74.0	220.0	150.0	196.0	131.0	63.0	125.0	230.0	131.0	48.0	182.0	62.0	106.0	24.0	137.0	88.0	80.0	60.0	97.0	87.0	172.0	30.0	76.0	70.0	42.0	79.0	95.0	198.0	209.0	215.0	56.0	112.0	268.0	73.0	7.0	72.0	137.0	109.0	128.0	79.0	80.0	41.0
under	168.0	84.0	75.0	62.0	321.0	120.0	49.0	71.0	231.0	19.0	87.0	146.0	77.0	129.0	289.0	66.0	241.0	148.0	221.0	158.0	72.0	140.0	145.0	201.0	52.0	89.0	53.0	76.0	47.0	91.0	100.0	61.0	83.0	78.0	52.0	243.0	42.0	76.0	159.0	67.0	54.0	67.0	163.0	121.0	295.0	104.0	142.0	170.0	40.0	14.0	68.0	89.0	80.0	85.0	62.0	157.0	84.0
quite	62.0	48.0	60.0	10.0	232.0	56.0	51.0	126.0	219.0	55.0	118.0	194.0	124.0	47.0	100.0	40.0	285.0	263.0	253.0	122.0	104.0	140.0	85.0	175.0	54.0	191.0	106.0	40.0	53.0	94.0	73.0	51.0	72.0	78.0	71.0	147.0	38.0	31.0	180.0	51.0	95.0	145.0	162.0	39.0	272.0	101.0	190.0	402.0	48.0	6.0	44.0	31.0	55.0	110.0	147.0	206.0	87.0
half	243.0	87.0	110.0	97.0	138.0	164.0	119.0	32.0	127.0	66.0	42.0	103.0	106.0	94.0	140.0	56.0	173.0	178.0	145.0	78.0	132.0	134.0	172.0	169.0	29.0	87.0	87.0	124.0	47.0	126.0	62.0	119.0	200.0	111.0	75.0	112.0	59.0	45.0	114.0	35.0	130.0	70.0	62.0	216.0	191.0	105.0	147.0	220.0	81.0	11.0	96.0	137.0	89.0	182.0	116.0	156.0	62.0
moment	276.0	37.0	113.0	94.0	367.0	67.0	102.0	29.0	81.0	27.0	131.0	113.0	152.0	125.0	246.0	76.0	215.0	110.0	84.0	40.0	121.0	110.0	241.0	131.0	31.0	167.0	54.0	82.0	16.0	119.0	147.0	53.0	70.0	70.0	75.0	270.0	81.0	43.0	124.0	22.0	86.0	203.0	190.0	116.0	158.0	62.0	93.0	172.0	107.0	8.0	33.0	140.0	141.0	92.0	108.0	124.0	47.0
heard	134.0	79.0	138.0	102.0	199.0	81.0	82.0	52.0	238.0	42.0	77.0	112.0	174.0	135.0	156.0	56.0	179.0	167.0	138.0	96.0	87.0	180.0	176.0	121.0	39.0	103.0	150.0	93.0	45.0	191.0	99.0	61.0	50.0	148.0	67.0	237.0	18.0	50.0	94.0	29.0	147.0	91.0	181.0	155.0	137.0	113.0	136.0	171.0	96.0	4.0	150.0	75.0	70.0	147.0	127.0	72.0	27.0
get	192.0	120.0	73.0	11.0	183.0	96.0	70.0	97.0	115.0	53.0	44.0	154.0	182.0	25.0	115.0	60.0	191.0	156.0	147.0	50.0	80.0	92.0	115.0	56.0	43.0	196.0	75.0	109.0	48.0	289.0	115.0	81.0	179.0	156.0	53.0	136.0	31.0	46.0	241.0	62.0	126.0	50.0	113.0	133.0	224.0	99.0	117.0	141.0	35.0	5.0	106.0	60.0	43.0	257.0	233.0	210.0	53.0
always	143.0	52.0	121.0	44.0	82.0	96.0	57.0	47.0	264.0	47.0	216.0	169.0	102.0	54.0	100.0	37.0	350.0	180.0	272.0	184.0	102.0	87.0	68.0	133.0	38.0	129.0	113.0	59.0	64.0	90.0	82.0	71.0	65.0	113.0	56.0	107.0	51.0	25.0	163.0	65.0	118.0	59.0	51.0	72.0	268.0	64.0	165.0	355.0	88.0	7.0	87.0	42.0	101.0	99.0	128.0	234.0	62.0
